index,album,artist,genre
10266031,Big Willie Style,Will Smith,Rap
10266041,War,U2,Pop/Rock
10266127,Led Zeppelin,Led Zeppelin,Pop/Rock
10266180,Power Windows,Rush,Pop/Rock
10266202,Willennium,Will Smith,Rap
10266231,Parachutes,Coldplay,Pop/Rock
10266299,Hold Your Fire,Rush,Pop/Rock
10266444,Counterparts,Rush,Pop/Rock
10267122,1956-1958: Cobra Recordings,Otis Rush,Blues
10267496,The Cobra Sessions 1956-1958,Otis Rush,Blues
10268810,Hell Awaits,Slayer,Pop/Rock
10268811,Show No Mercy,Slayer,Pop/Rock
10275954,...And Justice for All,Metallica,Pop/Rock
10275997,"Eagles Greatest Hits, Volume 2",Eagles,Pop/Rock
10276153,Rattle and Hum,U2,Pop/Rock
10276577,Houses of the Holy,Led Zeppelin,Pop/Rock
10276578,Led Zeppelin III,Led Zeppelin,R&B;
10276730,Metallica,Metallica,Pop/Rock
10276732,Reload,Metallica,Pop/Rock
10276783,Divine Intervention,Slayer,Pop/Rock
10276803,Ride the Lightning,Metallica,Pop/Rock
10276840,Kill 'Em All,Metallica,Pop/Rock
10276853,Pinkerton,Weezer,Pop/Rock
10276866,Big Ones,Aerosmith,Pop/Rock
10276937,The Hits 1,Prince,R&B;
10277014,Get a Grip,Aerosmith,Pop/Rock
10277039,Load,Metallica,Pop/Rock
10277057,Zooropa,U2,Pop/Rock
10277060,Hell Freezes Over,Eagles,Pop/Rock
10277474,Pump,Aerosmith,Pop/Rock
10277481,Permanent Vacation,Aerosmith,Pop/Rock
10277647,Led Zeppelin II,Led Zeppelin,R&B;
10277648,Physical Graffiti,Led Zeppelin,Pop/Rock
10277783,Nine Lives,Aerosmith,Pop/Rock
10277935,Retrospective I: 1974-1980,Rush,Pop/Rock
10278347,In Through the Out Door,Led Zeppelin,Pop/Rock
10278522,Presto,Rush,Pop/Rock
10278570,Roll the Bones,Rush,Pop/Rock
10278614,Achtung Baby,U2,Pop/Rock
10278758,The ABBA Generation,A*Teens,Pop/Rock
10279668,Soul of a Woman,Kelly Price,R&B;
10279676,Grace Under Pressure,Rush,Pop/Rock
10279712,Crystal Ball,Prince,R&B;
10279969,Reign in Blood,Slayer,Pop/Rock
10279971,Test for Echo,Rush,Pop/Rock
10280011,Seasons In the Abyss,Slayer,Pop/Rock
10280176,Before the Storm,Darude,Electronic
10280384,Hotel California,Eagles,Easy Listening
10280391,The Slim Shady LP,Eminem,Rap
10280416,Toys in the Attic,Aerosmith,Pop/Rock
10280511,Batman,Prince,R&B;
10280555,Diabolus In Musica,Slayer,Pop/Rock
10280728,"He’s the DJ, I’m the Rapper",DJ Jazzy Jeff & The Fresh Prince,Pop/Rock
10280872,Prince,Prince,R&B;
10280897,For You,Prince,R&B;
10281463,Ease Down the Road,"Bonnie ""Prince"" Billy",Pop/Rock
10281535,Mirror Mirror,Kelly Price,R&B;
10283411,Rush,Rush,Pop/Rock
10283478,Eagles,Eagles,Pop/Rock
10284391,Chronicles,Rush,Pop/Rock
10284405,Come,Prince,Jazz
10284499,Kill 'em All,Metallica,Pop/Rock
10284682,God Hates Us All,Slayer,Pop/Rock
10284720,The Andy Williams Christmas Album,Andy Williams,Vocal
10285026,Moving Pictures,Rush,Pop/Rock
10287793,A Prince Among Thieves,Prince Paul,Rap
10288082,Diabolus in Musica,Slayer,Pop/Rock
10288786,Weezer,Weezer,Pop/Rock
10288939,South of Heaven,Slayer,Pop/Rock
10289434,Wild Wild West,Will Smith,Rap
10289529,The Very Best of Prince,Prince,International
10289676,Permanent Waves,Rush,Pop/Rock
10290119,Diamonds and Pearls,Prince & The New Power Generation,R&B;
10290479,Reign In Blood,Slayer,Pop/Rock
10290929,Third Eye Open: The String Quartet Tribute to Tool,Vitamin String Quartet,Pop/Rock
10291870,- 1958,Otis Rush,Blues
10291909,"Blues, Songs and Ballads",Tom Rush,Blues
10292180,Undisputed Attitude,Slayer,Pop/Rock
10292199,Code Red,DJ Jazzy Jeff & The Fresh Prince,Rap
10294187,Heart Over Mind,Jennifer Rush,Pop/Rock
10294194,Jennifer Rush,Jennifer Rush,Pop/Rock
10295432,On The Border,Eagles,Pop/Rock
10295701,Maladroit,Weezer,Pop/Rock
10296929,1999,Prince,R&B;
10297015,One of These Nights,Eagles,Pop/Rock
10297215,Gett Off,Prince & The New Power Generation,R&B;
10297437,The Eagles / Desperado,Eagles,R&B;
10299472,The Long Run,Eagles,Pop/Rock
10301012,Teen Spirit,A*Teens,Pop/Rock
10301404,A Rush of Blood to the Head,Coldplay,Pop/Rock
10303143,El Scorcho,Weezer,Pop/Rock
10303316,The Anger Management Tour Mix Tape,DJ Green Lantern feat. Eminem,Pop/Rock
10304208,Emancipation,Prince,R&B;
10304391,The Very Best of Tom Rush: No Regrets,Tom Rush,Folk
10306121,New Power Generation,Prince & The New Power Generation,R&B;
10306123,Born to Reign,Will Smith,Rap
10309397,Dirty Mind,Prince,R&B;
10310246,Tom Rush,Tom Rush,Folk
10310702,…and Justice for All,Metallica,Pop/Rock
10310958,Symbol Album,Prince & The New Power Generation,R&B;
10311151,Mamma Mia,A*Teens,Pop/Rock
10311421,Take a Little Walk With Me,Tom Rush,Folk
10312677,Lovesexy,Prince,R&B;
10312816,Guarapero: Lost Blues 2,Will Oldham,Pop/Rock
10313741,Joya,Will Oldham,Pop/Rock
10313829,Feel the Beat,Darude,Electronic
10315736,Pop ’Til You Drop!,A*Teens,Pop/Rock
10316912,Greatest Hits,Will Smith,Rap
10317050,I See a Darkness,"Bonnie ""Prince"" Billy",Rap
10317275,Angel of the Morning,Merrilee Rush,Pop/Rock
10318046,New Arrival,A*Teens,Pop/Rock
10318447,Desperado,Eagles,Easy Listening
10318475,Blue Lotus Feet,"Bonnie ""Prince"" Billy",Pop/Rock
10319827,The Blue Room E.P.,Coldplay,Pop/Rock
10320396,Ignition,Darude,Pop/Rock
10320439,Priceless,Kelly Price,R&B;
10322805,Only Love Can Conquer,Prince Alla,Reggae
10323057,Armageddon,Aerosmith,Pop/Rock
10323589,Bouncing Off the Ceiling (Upside Down),A*Teens,Pop/Rock
10324202,Super Best POP,Darude,International
10324721,Seasons in the Abyss,Slayer,Pop/Rock
10327230,Master and Everyone,"Bonnie ""Prince"" Billy",Pop/Rock
10327284,I Don't Want to Miss a Thing,Aerosmith,Pop/Rock
10327286,King of Ska,Prince Buster,Reggae
10327320,The Abba Generation Remix,A*Teens,R&B;
10327651,Endless Flight,Leo Sayer,Pop/Rock
10327660,Homebase,DJ Jazzy Jeff & The Fresh Prince,Rap
10328893,Psychoanalysis: What Is It?,Prince Paul,Rap
10329978,I Can't Quit You Baby,Otis Rush,Blues
10330150,The Marshall Mathers LP,Eminem,Rap
10330497,Maladroit & B Sides,Weezer,Rap
10330825,Controversy,Prince,Pop/Rock
10331536,"Invasion, Part 2: Conspiracy Theory",DJ Green Lantern feat. Eminem,Rap
10332820,The Very Best of Leo Sayer,Leo Sayer,Pop/Rock
10335742,Next to You,Darude,Electronic
10338419,And In This Corner...,DJ Jazzy Jeff & The Fresh Prince,Rap
10338602,St. Anger,Metallica,Pop/Rock
10339475,Music,Darude,Pop/Rock
10341116,The Power of Jennifer Rush,Jennifer Rush,Pop/Rock
10341273,Judge Dread Rock Steady / She Was a Rough Rider,Prince Buster,Pop/Rock
10341313,Politics of the Business,Prince Paul,Rap
10342749,Dangerously In Love,Beyoncé,R&B;
10343344,Dangerously in Love,Beyoncé,R&B;
10344028,The String Quartet Tribute To Coldplay,Vitamin String Quartet,Pop/Rock
10345169,Shady Records Mixtape,DJ Green Lantern feat. Eminem,Pop/Rock
10348709,Pride (In the Name of Love),U2,Pop/Rock
10351455,Seasons in the Abyss / Reign in Blood,Slayer,Pop/Rock
10354394,Fabulous Greatest Hits,Prince Buster,Reggae
10354395,FABulous Greatest Hits,Prince Buster,Reggae
10354410,"The String Quartet Tribute to Tool, Volume 2: Metamorphic",The Section Quartet,Pop/Rock
10355423,Strung Out on OK Computer: The String Quartet Tribute to Radiohead,The Section Quartet,Pop/Rock
10356445,The Very Best of Eagles,Eagles,Pop/Rock
10357420,Still I Can't Be Still,Idina Menzel,Vocal
10359458,The Very Best Of,Eagles,Pop/Rock
10362830,Their Very Best Through the Years,Eagles,Pop/Rock
10366537,Doom Music,Bobby Prince,Pop/Rock
10367222,Lose Yourself,Eminem,Rap
10367894,The Circle Game,Tom Rush,Folk
10368880,Black Man Land,Prince Far I,Reggae
10369479,Songs Put Together for (The Broken Giant),Will Oldham,Reggae
10371932,Passion,Jennifer Rush,Pop/Rock
10378065,The Original Doctor Shade,Ed Rush & Optical,Electronic
10380073,Sandstorm,Darude,Electronic
10384241,Rock Legend,Eagles,Pop/Rock
10387665,Gettin' Jiggy Wit It,Will Smith,Rap
10387731,"Invasion, Part 1: Shady Times",DJ Green Lantern feat. Eminem,Rap
10391914,I Am Drinking Again,"Bonnie ""Prince"" Billy",Rap
10392247,Heavy Manners Anthology 68-82 (disc 2),Prince Far I,Rap
10392300,Peace Love Death Metal,Eagles of Death Metal,Pop/Rock
10393965,Musicology,Prince,R&B;
10394564,newpower Soul,Prince & The New Power Generation,Electronic
10395301,Just Push Play,Aerosmith,Pop/Rock
10395555,Life in the Streets,Prince Ital Joe feat. Marky Mark,Pop/Rock
10396665,She Was a Rough Rider,Prince Buster,Reggae
10396976,Wreck a Pum Pum,Prince Buster,Reggae
10400315,Tales of the Unexpected,Frank Marino & Mahogany Rush,Pop/Rock
10400555,The Colour of My Dreams,B.G. The Prince of Rap,Pop/Rock
10401634,Friend of Mine,Kelly Price,R&B;
10401915,The Best of Jennifer Rush,Jennifer Rush,Pop/Rock
10402961,Donkey Sean Jr. (Mixed by P.F. Cuttin),Sean Price,Pop/Rock
10404240,Humanity,Prince Lincoln Thompson,Pop/Rock
10406586,Tongues of Fire,Adele Overton,Pop/Rock
10407253,ABBA,ABBA,Pop/Rock
10407783,Here,Idina Menzel,Vocal
10408147,Greatest Palace Music,"Bonnie ""Prince"" Billy",Pop/Rock
10409669,New Years Dub,Musique vs. U2,Pop/Rock
10411452,Western Music,Will Oldham,Pop/Rock
10411457,The Whitey on the Moon UK LP,Department of Eagles,Pop/Rock
10411460,Black/Rich Music,Will Oldham,Pop/Rock
10411468,Happy Child / Forest Time,"Bonnie ""Prince"" Billy",Pop/Rock
10411497,Hush Up!!!,Prince Buster,Pop/Rock
10412323,Double Trouble,Otis Rush,Blues
10412407,Black Dissimulation,"Bonnie ""Prince"" Billy",Pop/Rock
10412410,Let's Start a Family,"Bonnie ""Prince"" Billy",Pop/Rock
10414348,Let's Go Crazy,The Revolution,Pop/Rock
10416526,Boom! Shake the Room!,DJ Jazzy Jeff & The Fresh Prince,Rap
10417533,Credo,Jennifer Rush,Pop/Rock
10420370,Feedback,Rush,Pop/Rock
10421122,Lost In the Blues,Otis Rush,Blues
10421806,The String Quartet Tribute to R.E.M.,The Section Quartet,Pop/Rock
10422035,All the Best,Leo Sayer,Pop/Rock
10422421,Dragonfly: The Best Of...,Frank Marino & Mahogany Rush,Pop/Rock
10422680,The Slickness,Prince Po,Rap
10423093,Gett Off Remix EP,Prince & The New Power Generation,Rap
10423198,Strange Universe,Frank Marino & Mahogany Rush,Pop/Rock
10423199,Child of the Novelty,Frank Marino & Mahogany Rush,Pop/Rock
10425224,Men in Black,Will Smith,Rap
10426215,The Time Is Now,B.G. The Prince of Rap,Pop/Rock
10426216,The Power of Rhythm,B.G. The Prince of Rap,Rap
10433542,Screamin' and Cryin',Otis Rush,Blues
10436081,Beanie Sigel Public Enemy #1,DJ Green Lantern feat. Eminem,Blues
10436578,Aerosmith / Guns N' Roses,Aerosmith / Guns N’ Roses,Blues
10438566,Hole in the World,Eagles,Pop/Rock
10439270,Movin',Jennifer Rush,Pop/Rock
10444590,Ain't Enough Comin' In,Otis Rush,Blues
10444592,A Fool for You,Otis Rush,Pop/Rock
10444594,Cold Day in Hell,Otis Rush,Blues
10447511,Out of My Hands,Jennifer Rush,Pop/Rock
10449317,Eye of the Storm,Frank Marino & Mahogany Rush,Pop/Rock
10449320,What's Next,Frank Marino & Mahogany Rush,Pop/Rock
10449618,World Anthem,Frank Marino & Mahogany Rush,Pop/Rock
10452001,Janus,The Real ABBA Gold,Pop/Rock
10452016,Wat heb je gedaan Daan,Adele Bloemendaal,Pop/Rock
10452100,Portret,Adele Bloemendaal,Pop/Rock
10453120,Maxoom,Frank Marino & Mahogany Rush,Pop/Rock
10453182,The Blues Collection 19: I Can't Quit You Baby,Otis Rush,Pop/Rock
10453475,TURBO: A Power Rangers Movie,Shuki Levy & Haim Saban,Pop/Rock
10455542,How to Dismantle an Atomic Bomb,U2,Pop/Rock
10456461,Wings of Desire,Jennifer Rush,Pop/Rock
10465016,"The Work, Volume 1",Prince,Pop/Rock
10466087,Sexy MF,Prince,Pop/Rock
10466990,Dream of a Drunk Black Southern Eagle,"Bonnie ""Prince"" Billy",Pop/Rock
10467819,Encore,Eminem,Rap
10470330,The String Quartet Tribute to the Smiths,The Section Quartet,Pop/Rock
10473949,I Don’t Want to Miss a Thing,Aerosmith,Pop/Rock
10475907,Summertime,DJ Jazzy Jeff & The Fresh Prince,Rap
10475912,Boom! Shake the Room,DJ Jazzy Jeff & The Fresh Prince,Rap
10477469,Heavy Manners: Anthology 1977-83,Prince Far I,Reggae
10477823,When I Need You '96,Leo Sayer,Reggae
10481510,Psalms for I,Prince Far I,Reggae
10481511,Voice of Thunder,Prince Far I,Reggae
10483323,Graffiti Bridge,Prince,R&B;
10487573,Endless Journey the Essential,Leo Sayer,Pop/Rock
10488361,5 Star General,DJ Green Lantern feat. Eminem,Pop/Rock
10488694,"Right Place, Wrong Time",Otis Rush,Blues
10489663,Before the Willennium,DJ Jazzy Jeff & The Fresh Prince,Rap
10490998,Forgot About Dre,Dr. Dre feat. Eminem,Rap
10491630,Les Mystérieuses Cités d'Or,Shuki Levy & Haim Saban,Rap
10494744,Switch,Will Smith,Rap
10496307,The Everlasting Love (New and Best),U2,Pop/Rock
10499507,No More Workhorse Blues,"Bonnie ""Prince"" Billy",Pop/Rock
10503008,The Hits/The B-Sides,Prince,Pop/Rock
10504480,Lost and Found,Will Smith,Rap
10509865,Any Place I'm Going,Otis Rush,Blues
10511855,Make Believe,Weezer,Pop/Rock
10512229,Trolling for Owls,Tom Rush,Folk
10512624,Washington DC Demo,Weezer,Folk
10513477,X&Y,Coldplay,Pop/Rock
10514258,7,Prince & The New Power Generation,R&B;
10515574,Itstrumental,Prince Paul,Rap
10515777,The Slaughterhouse,Prince & The New Power Generation,Pop/Rock
10516297,Moorish Music From Mauritania,Khalifa Ould Eide feat. Dimi Mint Abba,Pop/Rock
10521548,Monkey Barz,Sean Price,Rap
10526806,12 Inch: Volume 1 1976-1988 (disc 3),The Revolution,Pop/Rock
10526978,Just the Two of Us,Will Smith,R&B;
10527557,Ea,Sudden Rush,Rap
10528083,Rock The House,DJ Jazzy Jeff & The Fresh Prince,Rap
10528651,20 Greatest Hits,Leo Sayer,Pop/Rock
10529940,Platinum & Gold Collection,DJ Jazzy Jeff & The Fresh Prince,Rap
10531361,Classics,Jennifer Rush,Pop/Rock
10531366,Jennifer Rush '92,Jennifer Rush,Pop/Rock
10533827,In a Thousand Words or Less,Where Eagles Dare,Pop/Rock
10536557,Mahogany Rush IV,Frank Marino & Mahogany Rush,Pop/Rock
10536567,From the Hip,Frank Marino & Mahogany Rush,Pop/Rock
10541180,Hits of the Eagles,Eagles,Pop/Rock
10549426,Upside Down,A*Teens,Pop/Rock
10552138,New World Order,DJ Green Lantern feat. Eminem,Pop/Rock
10553862,The Complete Greatest Hits,Eagles,Pop/Rock
10556798,Love Collection,Leo Sayer,Pop/Rock
10567091,Miami,Will Smith,Rap
10568948,My Name Is Prince,Prince & The New Power Generation,R&B;
10569383,Super Trouper,A*Teens,Pop/Rock
10570138,The Golden Years 1977-1983,Prince Far I,Pop/Rock
10570253,Euphorica,ABBA Dance,Electronic
10571946,Musical History,Prince Far I,Electronic
10572604,"Cry Tuff Dub Encounter, Chapter 2",Prince Far I,Reggae
10572611,Umkhonto We Sizwe (Spear of the Nation),Prince Far I,Reggae
10576509,The Show Must Go on: The Leo Sayer Anthology,Leo Sayer,Pop/Rock
10577696,Whisper: The String Quartet Tribute to The Cure,The Section Quartet,Country
10577761,DJ Green Lantern Presents: Fort Minor - We Major,DJ Green Lantern feat. Eminem,Country
10581160,Mourning In The Morning,Otis Rush,Blues
10582317,United,Prince Ital Joe feat. Marky Mark,Blues
10582951,Brother Arab,Arabian Prince,Rap
10586873,Freakin' It,Will Smith,Rap
10588459,Hip-Hop Gold Dust,Prince Paul,Rap
10590512,Dancing Queen,A*Teens,Pop/Rock
10590514,...To the Music,A*Teens,Pop/Rock
10590516,Gimme! Gimme! Gimme! (A Man After Midnight),A*Teens,Pop/Rock
10595952,Happy People,Prince Ital Joe feat. Marky Mark,Pop/Rock
10597438,Silver and Gold 1973-1979,Prince Far I,Pop/Rock
10597733,Photograph,Weezer,Pop/Rock
10603657,Can’t Wait to Be With You,DJ Jazzy Jeff & The Fresh Prince,Pop/Rock
10603667,I’m Looking for the One (To Be With Me),DJ Jazzy Jeff & The Fresh Prince,Pop/Rock
10604738,Let's Pretend We're Married / Irresistable Bitch,Prince,Pop/Rock
10604748,Let's Go Crazy / Erotic City,The Revolution,Pop/Rock
10604752,When Doves Cry / 17 Days,The Revolution,Pop/Rock
10604756,Purple Rain / God,The Revolution,Pop/Rock
10607811,Out of the Box,Ed Rush & Optical,Electronic
10608914,The Most Beautiful Girl in the World,Prince,R&B;
10613685,Death by Sexy…,Eagles of Death Metal,Pop/Rock
10616040,Guilty Conscience,Eminem feat. Dr. Dre,Rap
10616820,Raspberry Beret / She’s Always in My Hair,The Revolution,Rap
10616822,America / Girl,The Revolution,Rap
10616823,Pop Life / Hello,The Revolution,Rap
10616826,Kiss / ♥ Or $,The Revolution,Rap
10616827,Mountains / Alexa de Paris,The Revolution,Rap
10617605,Ring My Bell,DJ Jazzy Jeff & The Fresh Prince,Rap
10620378,Halfway Around the World,A*Teens,Pop/Rock
10624060,Superhits,Jennifer Rush,Pop/Rock
10627147,The String Quartet Tribute to Queen,The Section Quartet,Pop/Rock
10629990,Ultimate,Prince,R&B;
10630481,Just a Boy,Leo Sayer,Pop/Rock
10630848,At His Very Best,Leo Sayer,Pop/Rock
10639201,Floorfiller,A*Teens,Pop/Rock
10639867,Afterimage,Rush,Pop/Rock
10645471,I Promised Myself,A*Teens,Pop/Rock
10646792,One,Mary J. Blige feat. U2,R&B;
10648113,Non Stop Remix,ABBA-DJ,R&B;
10648821,"New World Order, Part 2: The Saga Continues",DJ Green Lantern feat. Eminem,R&B;
10649403,20 Great Love Songs,Leo Sayer,Pop/Rock
10650293,Dubwise,Prince Far I,Pop/Rock
10656457,Just Cruisin',Will Smith,Rap
10656461,Will 2K,Will Smith,Rap
10656526,Can’t Wait To Be With You,DJ Jazzy Jeff & The Fresh Prince,Rap
10656527,The Things That U Do,DJ Jazzy Jeff & The Fresh Prince,Rap
10658368,Full Circle,Frank Marino & Mahogany Rush,Pop/Rock
10658830,Cursed Sleep,"Bonnie ""Prince"" Billy",Pop/Rock
10664110,Where Do You Go to My Lovely?,Peter Sarstedt,Pop/Rock
10664669,Silverbird,Leo Sayer,Pop/Rock
10666567,Christ Illusion,Slayer,Pop/Rock
10667102,...And Justice For All,Metallica,Pop/Rock
10667105,Ride The Lightning,Metallica,Pop/Rock
10668224,White Christmas,Bing Crosby,Vocal
10669755,Voice in My Head,Leo Sayer,Pop/Rock
10672589,I Want You So Hard (Boys Bad News),Eagles of Death Metal,Pop/Rock
10673435,The Letting Go,"Bonnie ""Prince"" Billy",Pop/Rock
10673756,Cream,Prince & The New Power Generation,R&B;
10676876,B'Day,Beyoncé,R&B;
10678606,Gettin’ Jiggy Wit It,Will Smith,Rap
10678897,Bad Meets Evil: Scary Music: Renegades,Bad Meets Evil,Rap
10683708,Cool Touch,Leo Sayer,Rap
10683709,World Radio,Leo Sayer,Pop/Rock
10683712,The Collection,Leo Sayer,Pop/Rock
10684628,Alive on Arrival,DJ Green Lantern feat. Eminem,Pop/Rock
10685325,Smack That,Akon feat. Eminem,Pop/Rock
10687603,The Saints Are Coming,U2 feat. Green Day,Pop/Rock
10688229,This Is Who I Am,Kelly Price,Pop/Rock
10694539,Cold & Wet,"Bonnie ""Prince"" Billy",Pop/Rock
10702823,The Essential Otis Rush: The Classic Cobra Recordings 1956-1958,Otis Rush,Blues
10707010,Bonnie Prince Billy Performs Songs of Kevin Loyne,"Bonnie ""Prince"" Billy",Blues
10708114,Al Capone,Prince Buster,Blues
10711736,Jesus Price Supastar,Sean Price,Rap
10712353,Lay & Love,"Bonnie ""Prince"" Billy",Pop/Rock
10720627,All Your Love (I Miss Loving) / My Baby's a Good 'Un,Otis Rush,Pop/Rock
10726133,Pride (In the Name of Love) (disc 2),U2,Pop/Rock
10726329,A Tribute To ABBA,Abba Revival Band,Jazz
10726330,Spielen die grossen ABBA Erfolgstitel - Super Cover Version,Abba Revival Band,Jazz
10728177,Jazz,Adele,Jazz
10728598,Listen,Beyoncé,R&B;
10729988,The Best of Leo Sayer,Leo Sayer,Pop/Rock
10732173,The Power of Love,Jennifer Rush,Pop/Rock
10733341,Snakes & Arrows,Rush,Pop/Rock
10737829,Little Joya,Will Oldham,Pop/Rock
10740106,Tell Me,Darude,Electronic
10763537,Get the Groove On,B.G. The Prince of Rap,R&B;
10768174,What a Hard Man Fe Dead,Prince Buster,Reggae
10769231,Defying Gravity,Idina Menzel,Vocal
10774382,My Game,Darude,Pop/Rock
10774868,Sugar Rush,A*Teens,Pop/Rock
10779667,Long Road Out of Eden,Eagles,Pop/Rock
10780190,Rush of Fools,Rush of Fools,Religious
10780346,Stronghold: The Collector's Hit Box,Jennifer Rush,Pop/Rock
10781322,Power of Rush,Jennifer Rush,Pop/Rock
10781491,Bonny 2007,"Bonnie ""Prince"" Billy",Pop/Rock
10783732,Label This!,Darude,Electronic
10783861,Ask Forgiveness,"Bonnie ""Prince"" Billy",Pop/Rock
10791347,The Hit Box,Jennifer Rush,Pop/Rock
10798940,Jennifer Rush: International Version,Jennifer Rush,Pop/Rock
10801643,Chasing Pavements,Adele,Pop/Rock
10801647,Hometown Glory,Adele,Pop/Rock
10803920,19,Adele,Pop/Rock
10806117,Strange Form of Life,"Bonnie ""Prince"" Billy",Pop/Rock
10809540,A Johnny Glaze Christmas: Classical Snatches and Samples A Go-Go 2003-2005,Department of Eagles,Pop/Rock
10812464,I Stand,Idina Menzel,Pop/Rock
10812538,Can't Love You,B.G. The Prince of Rap,Rap
10815964,Master P,Sean Price,Rap
10816537,Creeping Death,Metallica,Pop/Rock
10825320,"The String Quartet Tribute to Led Zeppelin, Volume 2",The Section Quartet,Pop/Rock
10826426,Ave Maria,Jennifer Rush,Pop/Rock
10838317,Lie Down In the Light,"Bonnie ""Prince"" Billy",Pop/Rock
10846493,To Come from Nowhere,Where Eagles Dare,Pop/Rock
10848604,Party Starter,Will Smith,Rap
10851717,We Are All on Drugs,Weezer,Pop/Rock
10852107,Will 2k,Will Smith,Rap
10854251,The Show Must Go On,Leo Sayer,Pop/Rock
10854252,One Man Band,Leo Sayer,Pop/Rock
10856307,I Can't Quit You Baby / Sit Down Baby,Otis Rush,Pop/Rock
10861246,New Kid in Town,Eagles,Pop/Rock
10864902,Child of the Novelty / Maxoom / Strange Universe,Frank Marino & Mahogany Rush,Pop/Rock
10867128,Best Ballads,Eagles,Pop/Rock
10872417,In Ear Park,Department of Eagles,Pop/Rock
10874719,The Cold Nose,Department of Eagles,Pop/Rock
10877263,Ska-Lip-Soul,Prince Buster's All Stars,Pop/Rock
10878494,"Trying to Get to You / Please, Please",The Eagles,Pop/Rock
10878914,Scary Movies,Bad Meets Evil,Rap
10879789,Innovative Life: The Anthology 1984-1989,Arabian Prince,Rap
10880284,Where's My Bytches,Arabian Prince,Rap
10880931,"Selectors Choice, Volume 2",King Jammy,Reggae
10882612,Romo-Goth,Department of Eagles,Reggae
10884769,No One Does It Like You,Department of Eagles,Reggae
10886375,Heart On,Eagles of Death Metal,Pop/Rock
10889854,Wonder Of The World,Rush of Fools,Religious
10893300,Survival of the Fattest,Prince Fatty,Reggae
10894834,If I Were a Boy,Beyoncé,Pop/Rock
10894840,Wear It's At,The Rubettes,Pop/Rock
10897782,Wrong End of the Rainbow,Tom Rush,Folk
10899585,Tops,Otis Rush,Blues
10899726,One Family: A Christmas Album,Kelly Price,R&B;
10901478,Feliz Navidad,José Feliciano,Vocal
10911283,Feel the Beat / Sandstorm,Darude,Vocal
10916780,No Line on the Horizon,U2,Pop/Rock
10917071,Living In a Fantasy,Leo Sayer,Pop/Rock
10918436,Bristol Express / Johnny's Tune,The Eagles,Pop/Rock
10918744,"Selectors Choice, Volume 3",King Jammy,Reggae
10923147,Crack a Bottle,Eminem feat. Dr. Dre & 50 Cent,Rap
10923531,Groaning the Blues / If You Were Mine,Otis Rush,Rap
10929823,Beware,"Bonnie ""Prince"" Billy",Pop/Rock
10931790,No Line On the Horizon,U2,Pop/Rock
10932224,Another Year,Leo Sayer,Pop/Rock
10932233,Thunder in My Heart,Leo Sayer,Pop/Rock
10932238,Leo Sayer,Leo Sayer,Pop/Rock
10937966,Chijimi,"Bonnie ""Prince"" Billy",Pop/Rock
10940548,Make You Feel My Love,Adele,Pop/Rock
10948910,Hit Collection,Jennifer Rush,Pop/Rock
10950946,Relapse,Eminem,Rap
10956690,Big Five,Prince Buster,Rap
10958020,Tutti Frutti,Prince Buster,Rap
10968344,Senegambian Sensation,Super Eagles,R&B;
10977339,In the Darkness,Darude,Pop/Rock
10979807,This Beat Is Hot,B.G. The Prince of Rap,Pop/Rock
10982134,Party In the U.S.A.,Miley Cyrus,Pop/Rock
10984819,Cold Shoulder,Adele,Pop/Rock
10993448,"The Revenge of King Jammy's Super Power All Stars, Volume 2",King Jammy,Reggae
11000909,Raditude,Weezer,Pop/Rock
11000974,World Painted Blood,Slayer,Pop/Rock
11005014,"Selectors Choice, Volume 4",King Jammy,Reggae
11005958,Freedom for the Stallion,The Hues Corporation,R&B;
11007456,Kimbo Price,Sean Price,Rap
11009042,The Trees / Circumstances,Rush,Rap
11014295,Destiny,Jennifer Rush,Pop/Rock
11016540,Relapse: Refill,Eminem,Rap
11017972,"Live at Symphony Hall, Boston",Tom Rush,Folk
11018650,Tom Rush / Wrong End of the Rainbow,Tom Rush,Folk
11018725,Merrimack County / Ladies Love Outlaws,Tom Rush,Folk
11023958,Garden partie,Adele,Folk
11024779,Otis Rush: Live at Montreux 1986,Otis Rush,Blues
11024875,Have You Ever Been In Love,Leo Sayer,Pop/Rock
11028657,Little Lives,Adele Bertei,Pop/Rock
11031374,Le Premier Gold Experience,Prince & The New Power Generation,Pop/Rock
11031643,Thank You for the Music,Abba Revival Band,Pop/Rock
11033209,Black Noise,Pantha du Prince,Electronic
11042315,Minneapolis Genius (The Historic 1977 Recordings),94 East,R&B;
11050719,The Big Money,Rush,Pop/Rock
11054055,Stick to My Side,Pantha du Prince,Pop/Rock
11056795,Now Is the Hour,Jennifer Rush,Electronic
11060944,Dope Thang / Gettin' Down,Arabian Prince,Electronic
11066179,When Doves Cry,The Revolution,Pop/Rock
11066935,Tears in the Rain,Jennifer Rush,Pop/Rock
11072619,Sandstorm: Talla 2XLC Remixes,Darude,Pop/Rock
11228618,"Double Trouble / Keep on Loving Me, Baby",Otis Rush,Pop/Rock
11233313,Archive 2003-2006,Department of Eagles,Pop/Rock
11234159,Violent Love / My Love Will Never Die,Otis Rush,Pop/Rock
11234305,Three Times a Fool / She's a Good 'Un,Otis Rush,Pop/Rock
11234409,It Takes Time / Checking on My Baby,Otis Rush,Pop/Rock
11302820,The B-sides for Time to Be Clear,"Bonnie ""Prince"" Billy",Pop/Rock
11304189,Sector 1,Rush,Pop/Rock
11307001,Batman: Motion Picture Soundtrack,Prince,Stage & Screen
11308622,The Classic Recordings,Otis Rush,Blues
11309126,24/Seven,Big Time Rush,Blues
11309128,24/seven,Big Time Rush,Blues
11312595,Ultimate Greatest Hits,Eagles,Pop/Rock
11313896,When Doves Cry / Purple Rain,Prince,Pop/Rock
11314069,Love Symbol,Prince & The New Power Generation,R&B;
11318620,Un prince dans un HLM,Tito Prince,R&B;
11319573,Darte un Beso,Prince Royce,Latin
11319591,#1's,Prince Royce,Latin
11319598,Corazon sin cara (Pex L edit version),Prince Royce,Latin
11319602,Te Me Vas,Prince Royce,Latin
11322124,Daytrotter Session,Haim,Pop/Rock
11324254,4,Beyoncé,R&B;
11325717,Berzerk,Eminem,Rap
11326602,Send Me Down,Haim,Pop/Rock
11326965,The Wire,Haim,Electronic
11327022,Days Are Gone,Haim,Pop/Rock
11327192,KuschelRock Always & Forever,"Academy of St. Martin In the Fields, London Symphony Orchestra, Abdullah Ibrahim, Alicia Keys, Anastacia, Art of Noise, Berliner Pavillon Orchester, Bill Medley, Billy Joel, Bosson, Bruno Mars, Christina Aguilera, Coldplay, Cyndi Lauper, Céline Dion, David Abel, David Garrett, Diana Ross, Elton John, Elvis Presley, Eros Ramazzotti, Evgeny Kissin, Faith Hill, Giora Feidman, Hoobastank, James Galway, Jason Mraz, Jennifer Rush, Jennifer Warnes, John Mayer, John Williams, Joshua Bell, Kate Royal, Kenny G, Leonard Bernstein, Lionel Richie, London Philharmonic Orchestra, London Telefilmonic Orchestra, Lovers Electric, Martin Ermen, Meat Loaf, Michael Bublé, Michael Jackson, Mike Mower, New York Philharmonic, Oasis, Orange Blue, Paul Potts, Pretenders, RZA, Reamonn, Robert Stolz, Royal Philharmonic Orchestra, Sade, Santana, Sarah Brightman, Savage Garden, Seal, Söhne Mannheims, The Bangles, Train, Vangelis, Westlife, Whitney Houston & Wiener Symphoniker",Pop/Rock
11335001,Survival,Eminem,Rap
11337815,21,Adele,Pop/Rock
11337824,Rolling In the Deep,Adele,Pop/Rock
11337836,iTunes Festival: London 2011,Adele,Pop/Rock
11338488,"The Twilight Saga: Breaking Dawn, Pt. 1 (Original Motion Picture Soundtrack) [Deluxe Version]",Various Artists,Pop/Rock
11339157,Days are Gone,Haim,Pop/Rock
11339238,The Beavis and Butt-Head Experience,"Beavis and Butt-Head, Aerosmith, Anthrax, Cher, Jackyl, Nirvana, Primus, Red Hot Chili Peppers, Run-DMC, Sir Mix-A-Lot & White Zombie",Pop/Rock
11339731,Clocks - Single [Latin V2 Remix], feat. Coldplay,Pop/Rock
11339738,Paradise - Single [Remix],Coldplay feat. DJ Mara,Pop/Rock
11339769,Live 2012,Coldplay,Pop/Rock
11339796,Brigitte - The Men,"Aaron Johnson, Adam Lambert, Aloe Blacc, Badly Drawn Boy, Ben Chappell, Ben Ivory, Beverley Skeate, Billy Bragg, Bobby Watson, Boguslav Kostecki, Brad Wood, Bruce White, Carl Perkins, Cathy Thompson, Chris Tombling, Coldplay, Corey Hogan, Damien Rice, Daniel Merriweather, Danja, Dave Daniels, Dave Guy, David Brown, David Hawk Wolinski, David Williams, Dominic Cortese, Emlyn Singleton, Entcho Todorov, Eric Heywood, Ethan Johns, Everton Nelson, Garfield Jackson, Garo Yellin, Gary Grant, Gavyn Wright, Gerry Leonard, Greg Phillinganes, Henry Hey, Homer Steinweiss, Ian Henderson-Smith, Iron & Wine, Jamie Cullum, Jamie T, Jeff Dynamite, Jeff Jacobs, Jenaee Dixon, Jennifer Condos, Jerry Hey, Joe Jackson, John Denver, John Legend, John Robinson, Johnny Cash, Jonathan Jeremiah, Justin Timberlake, Karesha Crawford, Kim Hutchcroft, Larry Williams, Leon Michels, Liberty Devitto, Lukas Graham, Luke Riverside, MGMT, Mark Ronson, Mark Veltman, Marlo Henderson, Marshall Grant, Martin Loveday, Marvin Gaye, Matt Johnson, Max M",Pop/Rock
11339883,Garden State (Music from the Motion Picture),"The Shins, Bonnie Somerville, Cary Brothers, Coldplay, Colin Hay, Frou Frou, Iron & Wine, Nick Drake, Remy Zero, Simon & Garfunkel, Thievery Corporation & Zero 7",Pop/Rock
11341029,Curtain Call - The Hits,Eminem,Rap
11341045,No Love,Lil Wayne feat. Eminem,Rap
11341093,Forever,"Drake feat. Kanye West, Lil Wayne & Eminem",Rap
11341162,Shake That (Radio Edit),Eminem Featuring Nate Dogg,Rap
11344430,Why Is Everybody Going Home,Leo Sayer,Rap
11344455,The Metallica Collection,Metallica,Pop/Rock
11344516,And Justice for All,Metallica,Pop/Rock
11344521,"Whiskey In the Jar, Pt. 1",Metallica,Pop/Rock
11387467,Memories,Weezer,Pop/Rock
12188405,My Favorite Things,DJ Rush,Pop/Rock
12245152,Unfinal Call: A Sum of Bonnie 'Prince' Billy Worx,"Bonnie ""Prince"" Billy",Pop/Rock
12265955,Hurley,Weezer,Pop/Rock
12278456,"So Many Roads, So Many Trains / I'm Satisfied",Otis Rush,Pop/Rock
12289717,Die Grosse ABBA-Party,ABBA-Esque,Pop/Rock
12316371,The Ballad of Ronnie Drew,"U2, The Dubliners, Kíla & A Band of Bowsies",Pop/Rock
12871270,Kiss,The Revolution,Pop/Rock
12900018,The Very Best Of (The EMI / Virgin Years),Jennifer Rush,Pop/Rock
12932973,Rolling in the Deep,Adele,Pop/Rock
12962719,Money Don't Matter 2 Night,Prince & The New Power Generation,Pop/Rock
13031482,Charade,The Revolution,Pop/Rock
13036867,Prince Royce,Prince Royce,Latin
13062522,Super Size,Prince Fatty,Latin
13163768,Stomp,B.G. The Prince of Rap,Pop/Rock
13223005,BTR,Big Time Rush,Pop/Rock
13304884,The Morning Papers,Prince & The New Power Generation,Pop/Rock
13580598,Best of Season 1,Big Time Rush,Pop/Rock
13582697,City Is Ours,Big Time Rush,Pop/Rock
13590717,Any Kind of Guy,Big Time Rush,Pop/Rock
13622656,Til I Forget About You,Big Time Rush,Pop/Rock
13623021,Famous,Big Time Rush,Pop/Rock
13623022,Halfway There,Big Time Rush,Pop/Rock
13623024,Big Time Rush,Big Time Rush,Pop/Rock
13746826,The Prophet,Prince Buster,Reggae
13753952,静寂の世界,Coldplay,Pop/Rock
13755077,Get Your Wings,Aerosmith,Pop/Rock
13755092,Rocks,Aerosmith,Pop/Rock
13758092,"Greatest Hits, Volume 2",Eagles,Pop/Rock
13765146,Aerosmith,Aerosmith,Pop/Rock
13769601,Vapor Trails,Rush,Pop/Rock
13772970,Cream Remixes,Prince & The New Power Generation,Electronic
13781557,In Through The Out Door,Led Zeppelin,Pop/Rock
13781904,Lie Down in the Light,"Bonnie ""Prince"" Billy",Pop/Rock
13782433,Rock Your Baby,George McCrae,R&B;
13788286,Please Come Home for Christmas,Eagles,Pop/Rock
13794317,Stripped,Christina Aguilera,Pop/Rock
13794805,On the Border,Eagles,Pop/Rock
13798562,And in This Corner…,DJ Jazzy Jeff & The Fresh Prince,Rap
13810282,Houses Of The Holy,Led Zeppelin,Pop/Rock
13814663,Toys In the Attic,Aerosmith,Pop/Rock
13819566,VSQ Performs Lady Gaga,Vitamin String Quartet,Pop/Rock
13821282,Parade: Music From the Motion Picture Under the Cherry Moon,The Revolution,R&B;
13821283,Around the World in a Day,The Revolution,R&B;
13825380,The Essential John Denver,John Denver,Pop/Rock
13834934,XI versions of Black Noise,Pantha du Prince,Electronic
13838153,Gold: Greatest Hits,ABBA,Pop/Rock
13841540,Every Teardrop Is a Waterfall,Coldplay,Pop/Rock
13845364,1+1,Beyoncé,R&B;
13845982,Hell: The Sequel,Bad Meets Evil,Rap
13847003,Nuttin' to Do,Bad Meets Evil,Rap
13851736,Fast Lane,Bad Meets Evil,Rap
13854354,You Make Me Feel Like Dancing And Other Hits,Leo Sayer,Pop/Rock
13854447,Camille,Prince,Pop/Rock
13856195,The Very Best of D.J. Jazzy Jeff & The Fresh Prince,DJ Jazzy Jeff & The Fresh Prince,Rap
13861720,20th Century Masters: The Millennium Collection: The Best of Kelly Price,Kelly Price,Pop/Rock
13866745,Thunder In My Heart,Leo Sayer,Pop/Rock
13867580,Ven conmigo,Daddy Yankee feat. Prince Royce,Pop/Rock
13868661,I Need a Doctor,Dr. Dre feat. Eminem & Skylar Grey,Pop/Rock
13868781,Holiday Bundle: All I Want for Christmas / Beautiful Christmas,Big Time Rush,Pop/Rock
13873299,"Prince Buster Record Shack Presents the Original Golden Oldies, Volume 1",Prince Buster,Pop/Rock
13873300,Drop the World,Lil Wayne feat. Eminem,Rap
13876330,×××× the ripper,八王子P feat. Oliver,Rap
13876332,whiteout,八王子P feat. Oliver,Rap
13876349,Distorted Princess,八王子P feat. Oliver,Rap
13877897,Water and a Flame,Daniel Merriweather feat. Adele,Rap
13878220,Someone Like You,Adele,Pop/Rock
13878222,Set Fire to the Rain,Adele,Pop/Rock
13879539,Mylo Xyloto,Coldplay,Pop/Rock
13888815,We Once Were,Rush of Fools,Religious
13889205,Wolfroy Goes to Town,"Bonnie ""Prince"" Billy",Pop/Rock
13895258,If I Ruled the World (feat. Iyaz),Big Time Rush,Pop/Rock
13895361,When I Need You / You Make Me Feel Like Dancing,Leo Sayer,Pop/Rock
13897930,Lulu,Lou Reed & Metallica,Pop/Rock
13917447,Elevate,Big Time Rush,Pop/Rock
13918264,Vitamin String Quartet Performs Muse,Vitamin String Quartet,Pop/Rock
13924359,All That You Can't Leave Behind,U2,Pop/Rock
13929981,Out of Control,Darude,Electronic
13939262,Take Me to the Clouds Above,LMC vs. U2,Electronic
13939816,Take Me To The Clouds Above,LMC vs. U2,Electronic
13950940,Bad Meets Evil,Bad Meets Evil,Electronic
13951106,Ultimate Prince Collection,Prince,Electronic
13951149,The Real Abba Gold,The Real ABBA Gold,Pop/Rock
13952894,electric love,八王子P feat. Oliver,Pop/Rock
14139948,Kelly,Kelly Price,Rap
14159840,Bleu,Adele,Pop/Rock
14174681,Everybody Loves Ice Prince,Ice Prince,Pop/Rock
14181077,Big Time Movie Soundtrack,Big Time Rush,Pop/Rock
14182836,Addicted,Prince Royce,Latin
14185875,"Greatest Hits '99 ""Wild Wild West"" Platinum Collection'99",Will Smith,Latin
14195621,Phase II,Prince Royce,Latin
14195876,Just Cruisin’,Will Smith,Rap
14195917,Incondicional,Prince Royce,Latin
14195918,Las Cosas Pequeñas,Prince Royce,Pop/Rock
14195919,Stand By Me,Prince Royce,Latin
14196407,Clockwork Angels,Rush,Pop/Rock
14205415,Judge Dread Rock Steady,Prince Buster,Reggae
14208870,Rock the House,DJ Jazzy Jeff & The Fresh Prince,Rap
14221726,More Than I Can Say / Only Fooling,Leo Sayer,Rap
14223029,Windows Down,Big Time Rush,Pop/Rock
14226710,August Rush / August Rush,August Rush,Pop/Rock
14227631,Live In Glasgow,Leo Sayer,Pop/Rock
14231047,Now Here's My Plan,"Bonnie ""Prince"" Billy",Pop/Rock
14235043,Pop Life,Prince,Pop/Rock
14237215,AEROSMITH,Aerosmith,Pop/Rock
14238109,Prince of Belvedair,Kay One,Rap
14240954,Throw That,Slaughterhouse feat. Eminem,Rap
14242603,The Greatest Hits,Leo Sayer,Pop/Rock
14245138,2005-05-06 - MTV2 Secret Gig,Coldplay,Pop/Rock
14246480,The Kitchen Tapes,Weezer,Pop/Rock
14249394,Taking It to the Limit,Ultimate Eagles,Pop/Rock
14253610,Music from Another Dimension!,Aerosmith,Pop/Rock
14256125,Skyfall,Adele,Pop/Rock
14257881,Let’s Go Crazy / Erotic City,The Revolution,Pop/Rock
14264870,Mic Tyson,Sean Price,Rap
14265408,(If You’re Wondering If I Want You To) I Want You To,Weezer,Pop/Rock
14267868,Music From Another Dimension!,Aerosmith,Pop/Rock
14270784,Doom Soundtrack,Bobby Prince,Pop/Rock
14272898,Work It Volume 2,Prince,Pop/Rock
14273563,Don't Save Me,Haim,Pop/Rock
14279393,From The Beginning - The Best,Beyoncé,Pop/Rock
14280448,Prince Fatty Versus the Drunken Gambler,Prince Fatty,Reggae
14280745,C’mon Let Me Ride,Skylar Grey feat. Eminem,Reggae
14281158,Rock and Roll Love Affair,Prince,Pop/Rock
14289510,electric love collection,八王子P feat. Oliver,Pop/Rock
14289514,BLACKOUT,八王子P feat. Oliver,Pop/Rock
14294041,Top Ten Hits Of The End Of The World,Prince Rama,Pop/Rock
14297165,Rock a Bit,B.G. The Prince of Rap,Pop/Rock
14305197,Falling,Haim,Pop/Rock
14309026,Black Suits Comin',Will Smith,Rap
14309810,3rdeyegirl,Prince,Pop/Rock
14318013,Girls Ain’t Nothing But Trouble (Remix),DJ Jazzy Jeff & The Fresh Prince,Pop/Rock
14318014,A Nightmare on My Street,DJ Jazzy Jeff & The Fresh Prince,Rap
14318016,Parents Just Don’t Understand,DJ Jazzy Jeff & The Fresh Prince,Rap
14323218,Live / Tales of the Unexpected / What's Next,Frank Marino & Mahogany Rush,Rap
14325149,She's So Unusual,Cyndi Lauper,Pop/Rock
14338385,Troubles Troubles,Otis Rush,Blues
15341509,I Am...Sasha Fierce,Beyoncé,Blues
15357509,The Power of Love - The Best of Jennifer Rush,Jennifer Rush,Pop/Rock
15357566,Joe FM Hitarchief: 1973,"Demis Roussos, The Osmonds, ABBA, Albert Hammond, Argent, Billy Paul, Bonnie St. Claire, Carly Simon, Charlie Rich, Chi Coltrane, Chris Montez, Cliff Richard, David Essex, Dawn, Dolly Parton, Earth, Elton John, Fire, Freddy Breck, George Baker Selection, Golden Earring, Harold Melvin, Left Side, Lou Reed, Michael Jackson, Mort Shuman, Mott the Hoople, Nick McKenzie, Peter Koelewijn, Raza, Santana, Stealers Wheel, Suzi Quatro, Sweet, Teddy Pendergrass, The Blue Notes, The Edgar Winter Group, The Isley Brothers, The O'Jays, The Three Degrees, Unit Gloria & Van Morrison",Pop/Rock
15413792,Tribute To: Aerosmith,Aerosmith Tribute Band,Jazz
15425984,True Believers (Deluxe Version),Darius Rucker,Jazz
15428366,Rich Kidz (Deluxe Edition),Prince Kay One,Jazz
15431265,Aerosmith's Greatest Hits,Aerosmith,Pop/Rock
15435379,Sign O' the Times,Prince,R&B;
15447694,iTunes Live from SoHo,Adele,Pop/Rock
15450463,VIP,Ice Prince,Classical
15455116,Joe FM Hitarchief: 1974,"Barry White, Demis Roussos, Mud, ABBA, Albert Hammond, Alvin Stardust, Barry Manilow, Bay City Rollers, Billy Swan, Dalida, Freddy Breck, George Baker Selection, George McCrae, Hot Chocolate, Ike & Tina Turner, Jack Jersey, Jimmy Frey, John Denver, MacNeal, Mouth, Paul Anka, Pierre Groscolas, Sparks, Steve Harley & Cockney Rebel, Terry Jacks, The Cats, The Drifters, The Hues Corporation, The Isley Brothers, The Love Unlimited Orchestra, The Rubettes, The Three Degrees, The Trammps & The Walkers",Classical
15456465,Jennifer Rush Superhits,Jennifer Rush,Pop/Rock
15456499,Jennifer Rush - 14 Great Hits,Jennifer Rush,Pop/Rock
15460830,Falling EP,Haim,Pop/Rock
15466643,Soy el Mismo,Prince Royce,International
15493638,I Swear,Ice Prince,International
15493695,The Studio Albums 1972-1979,Eagles,Pop/Rock
15493789,Eagles Live,Eagles,Pop/Rock
15494289,"VSQ Performs the Hits of 2013, Vol. 1",Vitamin String Quartet,Pop/Rock
15495809,I Dreamed a Dream (Glee Cast Version),Idina Menzel,Pop/Rock
15496834,Nights with Real Abba Gold,Real ABBA Gold,Pop/Rock
15496904,Almost There,MercyMe,Religious
15499688,The Foundation (Deluxe Version),Zac Brown Band,Country
15500312,Weezer - Deluxe Edition,Weezer,Country
15505747,Buffy the Vampire Slayer (The Album),Buffy the Vampire Slayer,Stage & Screen
15505748,Once More With Feeling (Episode Soundtrack),Buffy the Vampire Slayer,Stage & Screen
15509960,"Bonnie ""Prince"" Billy","Bonnie ""Prince"" Billy",Pop/Rock
15515218,The Marshall Mathers LP 2,Eminem,Rap
15517630,West Chicago Blues,Otis Rush,Blues
15523920,Making Noise,Weezer Tribute,Pop/Rock
15525929,This One Life,Adele Morgan,Country
15531376,What the Brothers Sang,"Bonnie ""Prince"" Billy",Pop/Rock
15532235,Not Drunk Enuff,Adele Erichsen,Pop/Rock
15532274,We On Fire,Grupo Rush,Latin
15532283,True Love,Grupo Rush,Latin
15532285,Claves De Amor,Grupo Rush,Latin
15548237,Come Into My Life,Adele Harley,Pop/Rock
15549754,iTunes Festival: London 2013,Haim,Pop/Rock
15550620,Skyfall (James Bond Skyfall Movie Theme),Soundtrax (Tribute to Adele),Pop/Rock
15552145,Fire of Zamani,Ice Prince,Pop/Rock
15556112,Creado Para Adorar,Ivan Molina & Abba Padre Band,Pop/Rock
15559193,Rich Kidz,Kay One,Rap
15559744,Stronghold - The Collector's Hit Box,Jennifer Rush,Pop/Rock
15559745,The Very Best of Jennifer Rush (The EMI/Virgin Years),Jennifer Rush,Pop/Rock
15559807,The Abba Generation,A*Teens,Pop/Rock
15565523,The Entertainer,Prince Tui Teka,International
15565533,The Greatest,Prince Tui Teka,International
15570131,Around the World In a Day,Prince,R&B;
15570132,The Vault: Old Friends 4 Sale,Prince,R&B;
15573375,You Make Me Feel Like Dancing - Live,Leo Sayer,Children's
15574577,Idina Menzel,Idina Menzel,Pop/Rock
15574578,Brave / Gorgeous,Idina Menzel,Pop/Rock
15575939,Fried Turkey,Starlito,Rap
15578699,Absolute Rock 2012,"3 Doors Down, Chevelle, Coldplay, Daughtry, Dead By April, Europe, Florence + The Machine, Foster the People, Gavin DeGraw, Keane, Nickelback, Seether, Slash, Snow Patrol, Sons of Midnight, Sunrise Avenue, Takida, The Fray, Train & Walk Off the Earth",Rap
15579456,Gang War,Prince Charles and The City Beat Band,R&B;
15579951,Christmas Top 50,"Andre Hazes, Andy Williams, Band Aid, Boney M., Candy Dulfer, Chris Rea, Christina Aguilera, Coldplay, Dana, Do, Elvis Presley, Frank Sinatra, Frankie Goes to Hollywood, Jimmy Boyd, Jona Lewie, José Feliciano, Kate Winslet, Katie Melua, Mick Hucknall, Miss Montreal, Mud, Nicole Kidman, Norah Jones, Ray Conniff, Robbie Williams, Shakin' Stevens, Sinéad O'Connor, Slade, Spice Girls, The Sing-A-Longs, Train, Trijntje Oosterhuis & Youp van 't Hek",R&B;
15580158,Tribute To: U2,U2 Tribute Band,Pop/Rock
15588391,Echoes Love,Jennifer Rush,Pop/Rock
15610407,Big Shiny Tunes 13,"Buckcherry, Coldplay, Die Mannequin, Disturbed, LINKIN PARK, Panic! At the Disco, Protest the Hero, Queens of the Stone Age, Sam Roberts, Saving Abel, Seether, The Kooks, The Mission District, The Raconteurs, The Verve, Tokyo Police Club, U.S.S, Weezer & Wintersleep",Pop/Rock
15617379,Will Smith: Greatest Hits,Will Smith,Country
15617394,Collections: D.J. Jazzy Jeff & &he Fresh Prince,DJ Jazzy Jeff & The Fresh Prince,Country
15621089,"King Jammy's: Selector's Choice, Vol. 2",King Jammy,Reggae
15621090,"King Jammy's - Selector's Choice, Vol. 1",King Jammy,Reggae
15621110,King At the Controls,King Jammy,Reggae
15628048,Beyoncé,Beyoncé,R&B;
15638986,iTunes Festival: London 2012,Haim,Pop/Rock
15646322,Real Live!,Frank Marino & Mahogany Rush,Pop/Rock
15646325,Double Live,Frank Marino & Mahogany Rush,Pop/Rock
15646327,Frank Marino & Mahogany Rush Live,Frank Marino & Mahogany Rush,Pop/Rock
15646329,RealLive!,Frank Marino & Mahogany Rush,Pop/Rock
15665986,Prince of Belvedair - Premium,Kay One,Pop/Rock
15697954,BEYONCÉ,Beyoncé,R&B;
15708971,Funny Girl (Glee Cast Version),Idina Menzel,Pop/Rock
15710776,Number 1's,Prince Royce,Pop/Rock
15710778,Corazon Sin Cara (Pex L Edit Version),Prince Royce,Pop/Rock
15713675,Boyfriend,Big Time Rush,Pop/Rock
15713680,Worldwide,Big Time Rush,Pop/Rock
15713686,Music Sounds Better With U,Big Time Rush,Pop/Rock
15713692,"Big Time Rush, Saison 2, Partie 2",Big Time Rush,Jazz
15713693,"Big Time Rush, Staffel 3",Big Time Rush,Jazz
15714245,How Long,Eagles,Pop/Rock
15714246,Busy Being Fabulous,Eagles,Pop/Rock
15714247,What Do I Do With My Heart,Eagles,Country
15714258,Please Come Home for Christmas / Funky New Year,Eagles,Country
15720780,Troublemaker,Weezer,Pop/Rock
15720785,(If You're Wondering If I Want You To) I Want You To,Weezer,Pop/Rock
15720813,Pinkerton - Deluxe Edition,Weezer,Pop/Rock
15723783,Brave,Idina Menzel,Vocal
15723786,Gorgeous,Idina Menzel,Electronic
15723792,Gorgeous [Angel Manuel Remix],Idina Menzel,Electronic
15723794,Gorgeous [Redtop In the Remix Extended],Idina Menzel,Electronic
15723796,Acoustic,Idina Menzel,Vocal
15723798,Hope,Idina Menzel,Vocal
15723800,Live - Barefoot At the Symphony,Idina Menzel,Vocal
15723801,Live: Barefoot At the Symphony,Idina Menzel,Vocal
15727098,Maximum Joy,Frankie Goes to Hollywood,Pop/Rock
15771164,Platinum & Gold Collection: D.J. Jazzy Jeff & The Fresh Prince,DJ Jazzy Jeff & The Fresh Prince,Rap
15775315,Kenneth allein zu Haus,Kay One,Rap
15884259,Shimmy Shimmy Ya / Gin 'n' Juice,Prince Fatty,Rap
15912504,Pop 'Til You Drop,A*Teens,Pop/Rock
15918824,On the Road Again,A Tribute to ABBA,Pop/Rock
15921987,"American Folk Blues Festival 66, Vol.2",Otis Rush,Blues
15929851,An Evening With John Denver,John Denver,Pop/Rock
15937996,Don't Wait Until Tomorrow,Leo Sayer,Pop/Rock
15943395,The River Sessions,Leo Sayer,Pop/Rock
15945908,I Ran (So Far Away),Darude,Pop/Rock
15946590,She's My Woman,The Revolution,Pop/Rock
15946709,The Psychedelic Years (1966-1968),The Revolution,Pop/Rock
15948606,The Revolution: The Singles Album,The Revolution,Pop/Rock
15953296,Voices In My Head,Leo Sayer,Pop/Rock
15957317,Leo Sayer: Live In 1975,Leo Sayer,Pop/Rock
15959490,Endless Journey – The Essential Leo Sayer,Leo Sayer,Pop/Rock
15964913,All the Best - The Video Collection,Leo Sayer,R&B;
15965908,World Radio / Have You Ever Been In Love,Leo Sayer,R&B;
15971587,"Before the Storm, Special Edition",Darude,Pop/Rock
15982711,Thunder In My Heart + Leo Sayer,Leo Sayer,Pop/Rock
15990365,Have You Never Been In Love,Leo Sayer,Pop/Rock
15990486,Leo Sayer: The Greatest Hits,Leo Sayer,Pop/Rock
15996179,The Best of Jazzy Jeff & The Fresh Prince,DJ Jazzy Jeff & The Fresh Prince,Pop/Rock
16000288,Much More,The Revolution,Pop/Rock
16000294,Psychedelic Colours,The Revolution,Pop/Rock
16023694,Blowin' Your Mind!,Van Morrison,Pop/Rock
16023882,"1,000 Kisses",Will Smith,Rap
16048838,Best of the Best Gold: Will Smith,Will Smith,Pop/Rock
16054362,Moods of Marvin Gaye,Marvin Gaye,R&B;
16082645,Blues Power Elmore James & Otis Rush,Otis Rush,Blues
16129606,Rockband Vol. 2,The Revolution,Pop/Rock
16129617,"Rockband, Vol. 8",The Revolution,Pop/Rock
16129619,"Rockband, Vol. 9",The Revolution,Folk
16129622,"Rockband, Vol. 10",The Revolution,Pop/Rock
16135829,Just a Box - The Complete Studio Recordings 1971 - 2006,Leo Sayer,Pop/Rock
16145047,The Show Must Go On: The Leo Sayer Anthology,Leo Sayer,Pop/Rock
16169190,Jennifer Rush: Superhits,Jennifer Rush,Pop/Rock
16169191,Jennifer Rush: Hit Collection,Jennifer Rush,Pop/Rock
16169192,The Very Best of (Her EMI / Virgin Years),Jennifer Rush,Pop/Rock
16169193,Jennifer Rush: Best of 1983-2010,Jennifer Rush,Pop/Rock
16169195,Essential Jennifer Rush,Jennifer Rush,Pop/Rock
16183738,Selected Works 1972-1999,Eagles,Pop/Rock
16186011,Everbody Loves Ice Prince,Ice Prince,Pop/Rock
16190259,Ich brech die Herzen,Kay One,Pop/Rock
16190262,Ich Brech Die Herzen,Kay One,Pop/Rock
16202732,Different Stages • Live,Rush,Pop/Rock
16202734,Gold: Rush,Rush,Pop/Rock
16202750,Retrospective I (1974-1980),Rush,Pop/Rock
16202807,Clockwork Angels Tour,Rush,Pop/Rock
16220438,"King Jammy's: Selector's Choice, Vol. 4",King Jammy,Reggae
16220448,"King Jammy's - Selector's Choice, Vol. 3",King Jammy,Reggae
16259384,Message from the King,Prince Far I,Reggae
16264148,"Big Time Rush, Vol. 2",Big Time Rush,Stage & Screen
16264150,"Big Time Rush, Staffel 2, Vol. 1",Big Time Rush,Children's
16264151,"Big Time Rush, Staffel 2, Vol. 3",Big Time Rush,Children's
16287609,Don Henley And Glenn Frey Selected Singles,Eagles,Children's
16290865,Politics of Business,Prince Paul,Rap
16316454,A Perfect Match,A*Teens,Pop/Rock
16329642,A*Teens: Greatest Hits,A*Teens,Pop/Rock
16348074,Heavy Manners: The Anthology,Prince Far I,Pop/Rock
16352569,So Blue,Adele Zane,Jazz
16393472,"The Sonet Blues Story: Otis Rush - Troubles, Troubles",Otis Rush,Blues
16407292,Dance Masters: Abba Revival Band,Abba Revival Band,Pop/Rock
16420263,Pop Masters: Super Trouper,Abba Revival Band,Pop/Rock
16430672,Cold Day In Hell,Otis Rush,Blues
16430675,So Many Roads - Live In Concert,Otis Rush,Blues
16434815,Mourning In the Morning,Otis Rush,Blues
16442682,사랑과 우정사이,프린스,Blues
16456680,Don't Try to Stop Me,Laila Adéle,Pop/Rock
16464455,Adele,Adele Bloemendaal,International
16472377,"All Your Love I Miss Loving: Live At the Wise Fools Pub, Chicago",Otis Rush,Blues
16482650,Death By Sexy,Eagles of Death Metal,Pop/Rock
16487079,Arise Therefore,"Bonnie ""Prince"" Billy",Pop/Rock
16496483,I Want You So Hard (Boy's Bad News),Eagles of Death Metal,Pop/Rock
16499917,The Sonet Blues Story,Otis Rush,Blues
16521908,An Introduction to Otis Rush,Otis Rush,Blues
16522310,The Essential Otis Rush,Otis Rush,Blues
16534739,Live ...And In Concert from San Francisco,Otis Rush,Blues
16543640,The String Quartet Tribute to Coldplay,Vitamin String Quartet,Pop/Rock
16578106,The Very Best of Prince Eyango :double Album,Prince Eyango,Pop/Rock
16604754,Live and Awesome,Otis Rush,Blues
16607948,Love Dokkyun,CLUB PRINCE,Blues
16614730,Tom Rush: New Year,Tom Rush,Folk
16618358,The String Quartet Tribute to The Smiths,Vitamin String Quartet,Pop/Rock
16645669,A Johnny Glaze Christmas: Classical Snatches and Samples a Go-go 2003-2007,Department of Eagles,Pop/Rock
16654950,Vitamin String Quartet: The Tribute to Guitar Hero,Vitamin String Quartet,Pop/Rock
16655114,VSQ Film School - Cult Classics and Indie Favs,Vitamin String Quartet,Pop/Rock
16669416,Rising High,Alexandra Prince,Pop/Rock
16695145,Cyuunai!!,CLUB PRINCE,Electronic
16708597,Violent Love,Otis Rush,Electronic
16718322,Party Yaro!!,CLUB PRINCE,International
16749817,Innovative Life - The Anthology 1984-1989,Arabian Prince,Rap
16774200,Prince Eyango: The Best of,Prince Eyango,International
16784158,The Maori Album,Prince Tui Teka,International
16790001,"Bonnie ""Prince"" Billy Sings Greatest Palace Music","Bonnie ""Prince"" Billy",Pop/Rock
16807276,"Arise, Therefore","Bonnie ""Prince"" Billy",Pop/Rock
16810997,Innovative Life,Arabian Prince,Rap
16820057,"The Very Best of Tom Rush: No Regrets, 1962-1999",Tom Rush,Folk
16862850,Is It the Sea?,"Bonnie ""Prince"" Billy",Pop/Rock
16868036,Never Lost,Grace Adele,Pop/Rock
16872683,Wannabe In L.A.,Eagles of Death Metal,Pop/Rock
16873742,Best Of / 20th / Eco,Kelly Price,Pop/Rock
16931645,What I Know,Tom Rush,Pop/Rock
16941116,Runaway Slave,Prince Malachi,Reggae
16958641,"He's the DJ, I'm the Rapper",DJ Jazzy Jeff & The Fresh Prince,Rap
17027344,Death By Sexy...,Eagles of Death Metal,Pop/Rock
17044157,Chase the Devil,Eagles of Death Metal,Pop/Rock
17120084,Prince Buster - Fabulous Greatest Hits (Diamond Range),Prince Buster,Pop/Rock
17168598,Mas Que Nada,Alexandra Prince,Pop/Rock
17182171,Supersize,Prince Fatty,Reggae
17197167,Superstar,Ice Prince,Classical
17212397,XI Versions of Black Noise,Pantha du Prince,Electronic
17212410,Amalgamated Sons Of Rest,Will Oldham,Pop/Rock
17227159,Renegades,JAY Z feat. Eminem,Pop/Rock
17230830,One Family - A Christmas Album,Kelly Price,R&B;
17237037,Let It Go Intro - Frozen,Idina Menzel,R&B;
17252221,G I R L,Pharrell Williams,R&B;
17306443,Rising high,Alexandra Prince,R&B;
17307386,Collision Course 3,Linkin Park & Eminem,R&B;
17341288,Ladies Love Outlaws,Tom Rush,Folk
17398647,The Wonder Show of the World,"Bonnie ""Prince"" Billy",Pop/Rock
17421239,Shanpanda!!,CLUB PRINCE,Electronic
17458472,Tribute To: Abba 2,Abba Tribute Band,Jazz
17461975,Natural Ball,Otis Rush,Jazz
17467884,Brightest Minds,Department of Eagles,Jazz
17470131,I Can't Get Enough,Alexandra Prince,Jazz
17475246,Manatsuno Acchicchino,CLUB PRINCE,Jazz
17496003,Spear of the Nation,Prince Far I,Reggae
17496237,Archive: 2003-2006,Department of Eagles,Pop/Rock
17500843,Got the Blues: Otis Rush,Otis Rush,Blues
17503227,Cameroun,Prince Eyango,International
17515225,Tired,Kelly Price,Rap
17558913,Make You Feel My Love (Adele Tribute Mixes),#1 Adele Tribute Band,Rap
17566265,A Tribute To Abba,Abba All Stars,Pop/Rock
17607944,It's My Time,Kelly Price,Jazz
17624507,Blues Pack: Otis Rush,Otis Rush,Blues
17624509,Groanin the Blues,Otis Rush,Blues
17624511,Essential 10: Otis Rush,Otis Rush,Blues
17624512,The Blues of Otis Rush,Otis Rush,Blues
17624514,All For Business,Otis Rush,Blues
17624517,The Classic Years,Otis Rush,Pop/Rock
17624518,Otis Rush (The Big Blues Collection),Otis Rush,Blues
17624519,Otis Rush Blues,Otis Rush,Blues
17624521,"Otis Rush, Vol. 1",Otis Rush,Pop/Rock
17624522,Blues Legend of the Century,Otis Rush,Pop/Rock
17624523,"Otis Rush, Vol. 2",Otis Rush,Blues
17624525,Blues Notes,Otis Rush,Blues
17624526,Essential Blues Legends - Otis Rush,Otis Rush,Blues
17624527,The Cobra,Otis Rush,Blues
17624528,"It's All Good, Vol. 1",Otis Rush,Rap
17624529,"I'm Satisfied - The 1956-1962 Cobra, Chess & Duke Sides",Otis Rush,Rap
17624530,Otis Rush Live In Europe (Historical Concert Nancy 1977),Otis Rush,Rap
17624531,"We're Listening To Otis Rush, Vol. 2",Otis Rush,Rap
17624532,"We're Listening To Otis Rush, Vol. 1",Otis Rush,Rap
17624533,"We're Listening to Otis Rush, Vol. 1",Otis Rush,Rap
17624941,Illumination - Prince Buster,Prince Buster,Rap
17641893,Midnight,Coldplay,Pop/Rock
17701653,Rolling In The Deep (Adele Tribute Version),#1 Adele Tribute Band,Pop/Rock
17778207,Viva La Vida - Prospekt's March Edition,Coldplay,Pop/Rock
17856119,Grace Found Me,Rush of Fools,Religious
17878584,Angel of the Morning - The Best Of,Merrilee Rush,Vocal
17881071,Prince Eyango : The Very Best Of,Prince Eyango,International
17951200,Quail & Dumplings,"Bonnie ""Prince"" Billy",International
17955621,Quail and Dumplings,"Bonnie ""Prince"" Billy",International
17997730,Mode Ani,חיים ישראל,Jazz
18007575,Ghost Stories,Coldplay,Children's
18030696,Love Dokkyun 2,CLUB PRINCE,Rap
18079996,Insomnia Addict,Starlito,Rap
18086430,Krazzy Gabbroo,Roshan Prince,Rap
18093308,Up With the Birds / U.F.O.,Coldplay,Rap
18148334,Carestini: A Castrato's Story,Emmanuelle Haïm feat. Le Concert d'Astrée & Philippe Jaroussky,Rap
18159807,Just Another Sucker,94 East,R&B;
18191111,Superheroes,Rush Smith,R&B;
18191126,Monsters,Rush Smith,R&B;
18192604,Are You (Watching Me Watching You),Alexandra Prince,R&B;
18193973,Grace: Your Security and Stability in Times of Shaking,Joseph Prince,R&B;
18195299,The Grand Sessions,Grace Adele,R&B;
18217663,Adele Harley - Sixth Street Single,Adele Harley,R&B;
18257527,My Heart Will Go On (3D Club Mixes),Adele Taylor,Pop/Rock
18257821,Mental Warfare,Starlito,Pop/Rock
18325220,Grace Capsule: A02 The New Covenant of God's 'I Will's,Joseph Prince,Pop/Rock
18334175,Everything Happens to Me,Adele Anderson,Pop/Rock
18334618,Why Try to Change Me Now?,Adele Anderson,Jazz
18357325,Summer In the Southeast [Live],"Bonnie ""Prince"" Billy",Pop/Rock
18359068,Ikvot Bachol,חיים ישראל,International
18379411,너 하나만 생각해 (You're the Only One),A-PRINCE,Pop/Rock
18438942,Kesem Neouray (קסם נעוריי),חיים ישראל,Pop/Rock
18483037,Illumination - Prince Malachi,Prince Malachi,Pop/Rock
18506803,Top Ten Hits of the End of the World,Prince Rama,Pop/Rock
18536507,Hello,A-PRINCE,Pop/Rock
18626182,The Key of David: God Opens Doors That No One Can Shut,Joseph Prince,Pop/Rock
18630047,Derech Chadasha דרך חדשה,חיים ישראל,International
18642522,Worship With the Psalms of David and See Good Days,Joseph Prince,International
18664808,God Will Open Up His Good Treasure to Bless You,Joseph Prince,International
18692816,I Feel the Spirit,Prince Buster,Vocal
18712697,Kimi Samba,Gold Rush,Vocal
18753589,תני לו ללכת,חיים אוליאל,Vocal
18758888,Why You Can Have Bold Faith Even When You Have Failed,Joseph Prince,Vocal
18758969,Sayonara Start,Gold Rush,Vocal
18801219,J-POP HIT SONG 4(カラオケ),カラオケうたプリンス,Stage & Screen
18818535,לפי שעה,חיים אוליאל,Stage & Screen
18822193,Mr. Pendu,Roshan Prince,Stage & Screen
18876925,Top 10 Songs of the End of the World,Prince Rama,Pop/Rock
18877598,אמאל'ה,Haim Ifargan חיים איפרגן,Pop/Rock
18933548,Cold Turkey,Starlito,Rap
18945957,Wannabe in L.A,Eagles of Death Metal,Pop/Rock
18946323,Anything 'Cept the Truth (Radio Edit),Eagles of Death Metal,Pop/Rock
18967550,Diamond,Gold Rush,Electronic
18969785,Set It Straight / Where Eagles Dare,Where Eagles Dare,Electronic
18988120,"Nakhre Vikhayi Jaani Ain (From ""Naughty Jatts"")",Roshan Prince,Electronic
18993909,Find Love,Prince of Spain,Electronic
19026389,Rising Sun,Prince of Spain,Electronic
19050289,Masayume Kitto Find,Gold Rush,Electronic
19051020,Away We Go,Prince of Spain,Stage & Screen
19071566,Brothers,Prince of Spain,Stage & Screen
19087441,His Majesty,Prince of Spain,Stage & Screen
19091560,Premiere Performance Plus: Peace Be Still,Rush of Fools,Stage & Screen
19091599,Premiere Performance Plus: Holy One,Rush of Fools,Religious
19091617,Premiere Performance Plus: Undo,Rush of Fools,Religious
19091644,Premiere Performance Plus: Freedom Begins Here,Rush of Fools,Religious
19091871,Premiere Performance Plus: When Our Hearts Sing,Rush of Fools,Religious
19092020,Premiere Performance Plus: Escape,Rush of Fools,Religious
19092891,The Only Thing That's Beautiful In Me (Premiere Performance Plus Track),Rush of Fools,Religious
19098724,Premiere Performance Plus: Wonder of the World,Rush of Fools,Religious
19132971,Wonder of the World,Rush of Fools,Religious
19145673,アニソン特集 Vol.1(カラオケ),カラオケうたプリンス,International
19158678,Receive God's Supply for All of Life's Demands,Joseph Prince,International
19161207,Keep Confessing Righteousness and See Good,Joseph Prince,International
19179798,That's My Kind of Night,"Bonnie ""Prince"" Billy",International
19225873,Smash Hits from the Eagles,The Eagles,Pop/Rock
19248710,Eagles Gift,Eagles Gift,Children's
19250142,פרק אחר,Haim Ifargan חיים איפרגן,Jazz
19326322,Eyes Closed,Starlito,Pop/Rock
19327764,Dusk Till Dawn,Prince Po,Pop/Rock
19353543,Love for Life,Adele Harley,Pop/Rock
19353581,Six Street,Adele Harley,Pop/Rock
19368851,Open Your Eyes,Sound Rush,Pop/Rock
19398627,Prince Among Thieves,Prince Paul,Rap
19398637,Psychoanalysis: What Is It?!,Prince Paul,Rap
19415723,Lay Me Down,Rush of Fools,Blues
19449044,If I Could Change Your Mind,Haim,Pop/Rock
19466809,Eagles in Drag,Eagles in Drag,Pop/Rock
19467153,Chapter One: Monsters and Heroes,Rush Smith,Pop/Rock
19470959,Rush Hour,Jennifer Rush,Electronic
19475677,Sugar Water (Prince Fatty vs. Mungo's Hi-Fi),Prince Fatty,Electronic
19492816,Speed Of Sound - EP,Coldplay,Pop/Rock
19526144,"We're Listening to Otis Rush, Vol. 2",Otis Rush,Pop/Rock
19531235,"Have You Heard of Otis Rush, Vol. 2",Otis Rush,Pop/Rock
19531438,"Have You Heard of Otis Rush, Vol. 1",Otis Rush,Pop/Rock
19532888,Mamma Mia: The Musical,ABBA Mania,Stage & Screen
19533775,"Once More, With Feeling",Buffy the Vampire Slayer Cast,Stage & Screen
19561423,Parade - Music From The Motion Picture Under The Cherry Moon,Prince,R&B;
19562427,Tierno,Rush Smith,R&B;
19567892,Carry Us Now,Rush of Fools,Religious
19569662,Fiasco,Adele,Pop/Rock
19575197,"Sing Pray Love, Vol. 1: Sing",Kelly Price,R&B;
19578277,Dynamite / Tiger Feet,Mud,R&B;
19585807,התמונות שבאלבום,חיים משה,R&B;
19589328,The Other Takes,Otis Rush,Blues
19589576,"Let It Go Remixes (From ""Frozen"")",Idina Menzel,Pop/Rock
19589842,Clocks,Rush Smith,Pop/Rock
19599540,You Learn to Live Without,Idina Menzel,R&B;
19603975,Boop,Rush Smith,R&B;
19606369,Let It Go (Remixes),Idina Menzel,Country
19624170,x,Ed Sheeran,Children's
19628230,Boy Different,Tito Prince,Children's
19629439,Driving Home for Christmas - The Christmas EP,Chris Rea,Pop/Rock
19634168,Back to the Shack,Weezer,Pop/Rock
19634505,Soy El Mismo,Prince Royce,International
19636002,Godson Power,Tito Prince,International
19637913,No Electricity Required,The Section Quartet,Pop/Rock
19638015,Di Sí,Rush Smith,Pop/Rock
19644332,המופע,חיים משה,Pop/Rock
19649460,1989,Taylor Swift,Pop/Rock
19649686,My Song 5,HAIM feat. A$AP Ferg,Pop/Rock
19654261,ART OFFICIAL AGE,Prince,Pop/Rock
19654401,Guts Over Fear,Eminem feat. Sia,Pop/Rock
19657754,Twinkle World,八王子P feat. Oliver,Pop/Rock
19658177,Everything Will Be Alright in the End,Weezer,Pop/Rock
19664464,Singer's Grave a Sea of Tongues,"Bonnie ""Prince"" Billy",Pop/Rock
19664469,Everything Will Be Alright In the End,Weezer,Pop/Rock
19690397,להיטי זהב - חלק ב,חיים משה,Pop/Rock
19690398,תודה,חיים משה,Pop/Rock
19691196,כל נדרי,חיים משה,Pop/Rock
19696616,Beautiful EP,Prince Kay One,Pop/Rock
19696934,Mood Swings & Mrs.,Starlito,Pop/Rock
19697065,My Song 5 [Remix],HAIM feat. A$AP Ferg,Pop/Rock
19700575,Art Official Age,Prince,Pop/Rock
19703443,I Don't Want To Miss A Thing,Aerosmith,Pop/Rock
19705447,אתמול,חיים משה,Pop/Rock
19705503,You Make Me Feel Like Dancing Live with Leo Sayer,Leo Sayer,Pop/Rock
19705526,Stinking Shit,Ice Prince,Pop/Rock
19706069,Holiday Wishes,Idina Menzel,Vocal
19713513,מתוך ההסתרה,חיים ישראל,Vocal
19717248,Ghost Stories Live 2014,Coldplay,Pop/Rock
19723224,חפלה בהופעה חיה ב,חיים משה,Pop/Rock
19726943,Nightmare,Rush Smith,Pop/Rock
19729680,Love In the Future,John Legend,R&B;
19730472,כוכבים,חיים ישראל,R&B;
19738097,You'll never see me again,Adele,R&B;
19772270,The Hits/The B-Sides 3,Prince,R&B;
19792290,J-POP HIT SONG 9(カラオケ),カラオケうたプリンス,R&B;
19819967,"Without Work, You Have Nothing","Bonnie ""Prince"" Billy",R&B;
19825397,Freed from the Fear of Death,Joseph Prince,Pop/Rock
19870890,להיטי זהב - חלק ג',חיים משה,Pop/Rock
19871053,להיטי זהב - חלק א,חיים משה,Pop/Rock
19871370,נשבע,חיים משה,Pop/Rock
19880442,Tears for Naija,Ice Prince,Pop/Rock
19902743,סיפור חיי,חיים ישראל,Pop/Rock
19911654,קרוב ללב,חיים משה,Pop/Rock
19915253,עוד יום עולה,חיים משה,Pop/Rock
19915264,תן לזמן ללכת,חיים משה,Pop/Rock
19915304,צעד תימני,חיים משה,Pop/Rock
19915735,אמצע החיים,חיים משה,Pop/Rock
19925009,דברי אלי,חיים משה,Pop/Rock
19925039,חי לאהבה,חיים משה,Pop/Rock
19932759,Christmas Wishes,Idina Menzel,Pop/Rock
19960985,Lamouni,حايم,Pop/Rock
19980565,Ready,Rush Smith,Pop/Rock
20002421,המתוקים של,חיים ישראל,Pop/Rock
20002432,עוקד והנעקד,חיים ישראל,Pop/Rock
20002463,שערי רצון,חיים ישראל,Pop/Rock
20002481,אלוקים תן לנו חיים,חיים ישראל,Pop/Rock
20019891,God’s Favor Will Cause You to Reign in Life,Joseph Prince,Pop/Rock
20063875,אחי הטוב שלי,Haim Ifargan חיים איפרגן,Jazz
20071162,Glass Heart,Eagles for Hands,Jazz
20139903,Your Love,Otis Rush,Blues
20147365,"His Cobra Recordings, 1956 - 1958",Otis Rush,Blues
20147380,Chicago Boss Guitars,Otis Rush,Blues
20166386,Stuck On a Feeling,Prince Royce feat. Snoop Dogg,Blues
20170819,Chapter Two: Time and Space,Rush Smith,Blues
20186272,Ikk Hor Mr Pendu,Roshan Prince,Blues
20196765,Singer's Grave - A Sea of Tongues,"Bonnie ""Prince"" Billy",Blues
20205557,Compilation,B.o.B feat. Eminem & Hayley Williams,Pop/Rock
20208858,compilation,Haim,Religious
20210849,Black Sheep Don't Grin,Starlito,Rap
20217214,Theories,Starlito,Pop/Rock
20227508,Dil Darda,Roshan Prince,Pop/Rock
20230285,Trash Can,Ice Prince,Pop/Rock
20232559,We Are the Rush,Gold Rush,Pop/Rock
20247726,Rich Kidz (Deluxe Gold Edition),Prince Kay One,Pop/Rock
20256401,חפלה בהופעה חיה א,חיים משה,Pop/Rock
20273823,ממעמקים,חיים ישראל,Pop/Rock
20273825,מלאכים,חיים ישראל,Pop/Rock
20282465,Groaning the Blues,Otis Rush,Blues
20285392,נוגע בנשמה,חיים משה,Blues
20295748,Snow Wishes,Idina Menzel,Vocal
20302530,"The Platinum Collection (Greatest Hits I, II & III)",Queen,Pop/Rock
20337601,Back to Bhangra,Roshan Prince,Pop/Rock
20337834,New Black Rich,"Bonnie ""Prince"" Billy",Pop/Rock
20354904,More Than I Can Say (Best Gold Edition) [+ Bonus Tracks] [Remastered],Leo Sayer,Pop/Rock
20362205,אהבה,Haim Ifargan חיים איפרגן,Jazz
20395891,Déjate Llevar,Oscar Prince,Jazz
20412756,Merry Christmas with Jimmy Boyd,Jimmy Boyd,Holiday
20425697,המיטב בהופעה חיה 2008 ב,חיים ישראל,Pop/Rock
20432466,אני חוזר,חיים ישראל,Pop/Rock
20438506,Uptown Special,Mark Ronson,R&B;
20447163,Live in 1975,Leo Sayer,Pop/Rock
20449897,7/11,Beyoncé,Pop/Rock
20464463,Froz3n,Sound Rush,Pop/Rock
20467384,Miracles,Coldplay,R&B;
20485402,BEYONCÉ [Platinum Edition],Beyoncé,R&B;
20502433,This One's A Good 'Un,Otis Rush,Blues
20517037,Поет Лео Сейер,Leo Sayer,Pop/Rock
20531838,Gangsta's Paradise,Scott Bradlee & Postmodern Jukebox feat. Robyn Adele Anderson,Pop/Rock
20536686,"All Your Love, I Miss Lovin'",Otis Rush,Blues
20552131,Thinking out Loud,Adele Harley,Blues
20567993,"Making Today a Perfect Day (From ""Frozen Fever"")",Idina Menzel,Stage & Screen
20571817,Pray to God,Calvin Harris feat. HAIM,Stage & Screen
20596601,Siachani Nawe,Barakah da Prince,Stage & Screen
20596694,Jichunge,Barakah da Prince,Stage & Screen
20618605,Led Zeppelin IV,Led Zeppelin,Pop/Rock
20632063,Live at the Royal Albert Hall,Adele,Pop/Rock
20675874,Trashcan EP,Ice Prince,Pop/Rock
20682845,Jump Sister,Otis Rush,Pop/Rock
20694083,מסיבה עם חיים משה כייף ומצב רוח,חיים משה,Pop/Rock
20700857,Beautiful Alien,Darude,Electronic
20757048,Traveller,Chris Stapleton,Country
20767815,J.G.U.D.Z.S. (Jung genug um drauf zu scheissen),Kay One,Rap
20772375,Last Kings,2Pac feat. Eminem,Rap
20772379,Bas Tu,Roshan Prince & Milind Gaba,Rap
20777474,"Big Time Rush, Vol. 3",Big Time Rush,Children's
20777484,"Big Time Rush, Vol. 4",Big Time Rush,Stage & Screen
20795598,T.L.C.,Starlito,R&B;
20797863,"Babilônia, Vol. 1","Alisha Pillay, Caetano Veloso, Cartola, Celso Fonseca, Coldplay, Cymcolé, Dan Torres, Gal Gosta, Johnny Glövez, Maria Bethânia, Mart'nália, Melanina Carioca, Mosquito, Nana Caymmi, Roger Henri & Tim Maia",R&B;
20800267,En Serio,Rush Smith,R&B;
20804710,Introversion,Starlito,Electronic
20813364,The String Quartet Tribute To Radiohead: Enigmatic,Vitamin String Quartet,Pop/Rock
20814560,Repentless,Slayer,Pop/Rock
20814561,Complexity,Eagles of Death Metal,Pop/Rock
20818969,Immortalized (Deluxe Version),Disturbed,Pop/Rock
20831519,Double Vision,Prince Royce,Pop/Rock
20835171,Zipper Down,Eagles of Death Metal,Pop/Rock
20835874,I Kissed a Girl,Scott Bradlee's Postmodern Jukebox feat. Robyn Adele Anderson & The Tee Tones,Pop/Rock
20839984,Kings Never Die,Eminem feat. Gwen Stefani,Pop/Rock
20846753,Toti Nation,Tito Prince,Pop/Rock
20851512,Moments,Darude,Electronic
20856666,Songs In the Key of Price,Sean Price,Rap
20856669,Songs in the Key of Price,Sean Price,Rap
20858922,מלך העולם,חיים ישראל,Rap
20858924,Guzarishaan,Roshan Prince,International
20862980,Boss,Ice Prince,Rap
20871417,Merci Seigneur,Prince Eyango,Rap
20877507,Pray to God [Remixes], feat. HAIM,Electronic
20877794,Amazing day,Coldplay,Pop/Rock
20880491,Die Hard,Dr. Dre feat. Eminem,Rap
20883129,Thank God For Girls,Weezer,Pop/Rock
20883397,25,Adele,Pop/Rock
20885227,Better Days,Prince Kaybee,Pop/Rock
20885832,Do You Wanna Get High?,Weezer,Pop/Rock
20886031,Adventure Of A Lifetime,Coldplay,Electronic
20886082,A Head Full of Dreams,Coldplay,Pop/Rock
20888359,Culpa al Corazón,Prince Royce,Latin
20888922,You Used to Call Me on My Cell Phone,Adele Hellos,Latin
20889344,Magical (Euphoria 2015 OST),Sound Rush,Latin
20890243,Why do you love me,Adele,Pop/Rock
20890244,Can't Let Go,Adele,Pop/Rock
20892170,Extraordinary,Prince Royce,Latin
20894708,We Get High,Eagles & Butterflies,Electronic
20897786,Musings,Prince Fox,Electronic
20897787,I Don't Wanna Love You,Prince Fox,R&B;
20898018,Everglow,Coldplay,Pop/Rock
20899868,Bite Down (Bastille Vs. HAIM),Bastille vs. HAIM,Pop/Rock
20902358,Back It Up,Prince Royce,International
20903048,Handcuffs,Prince Royce,Latin
20905630,I'm Moving to Houston,Starlito,Rap
20907815,21' Sampler,Adele,Electronic
20907816,Rolling In The Deep,Adele,Pop/Rock
20907847,Paper Planes (Originally Performed By M.I.A.),Scott Bradlee's Postmodern Jukebox feat. Robyn Adele Anderson,Pop/Rock
20907848,Gangsta's Paradise (Originally Performed By Coolio feat. L.V.),Scott Bradlee's Postmodern Jukebox feat. Robyn Adele Anderson,Pop/Rock
20907902,Hits After Hits Vol. 6,Adele Harley,Pop/Rock
20907904,Sixth Street,Adele Harley,Pop/Rock
20907945,My Heart Will Go On [3D Club Mixes],Adele Taylor,Pop/Rock
20908070,Keep Holding On,Adele Kraic,Pop/Rock
20908071,Landslide,Adele Kraic,Pop/Rock
20908072,Loser Like Me,Adele Kraic,Pop/Rock
20908073,My Life Would Suck Without You,Adele Kraic,Pop/Rock
20908074,Pretending,Adele Kraic,Pop/Rock
20908076,Somewhere Only We Know,Adele Kraic,Pop/Rock
20908077,Songbird,Adele Kraic,Pop/Rock
20908079,True Colors,Adele Kraic,Pop/Rock
20908114,Hello from the Other Side,Tara Adele,Pop/Rock
20908180,Every Teardrop Is A Waterfall,Coldplay,Pop/Rock
20908332,Karaoke Elite Vol.1,Karaoke Soundtrack - Originally Performed By Coldplay,Pop/Rock
20908363,Love The Way You Lie,Eminem,Rap
20908671,Night Visions,Imagine Dragons,Children's
20908991,The Blueprint 3,Jay-Z,Rap
20915017,I AM...SASHA FIERCE,Beyoncé,Rap
20915039,Partition,Beyoncé,Pop/Rock
20915040,Pretty Hurts,Beyoncé,Pop/Rock
20915072,Ego/Sweet Dreams Singles & Dance Mixes,Beyoncé,Pop/Rock
20926313,Take Me Back,Sound Rush,Pop/Rock
20927039,Spotify Sessions,Haim,Pop/Rock
20928965,A Head Full Of Dreams,Coldplay,Pop/Rock
20933390,Lord Lord Lord (feat. K Camp) - Single,Cyhi The Prynce,Pop/Rock
20935197,Abstract,Eagles & Butterflies,Electronic
20939701,A Salute To Led Zeppelin,The Sounds Of Led Zeppelin,Pop/Rock
20939977,Bahia,Prince Rama,Pop/Rock
20952379,No Cure,Ed Rush & Optical,Pop/Rock
20957543,If It's Silent,Sound Rush,Pop/Rock
20958888,The Shady Project,Bad Meets Evil,Pop/Rock
20961063,News Of The World,Queen,Pop/Rock
20971796,V.I.P.,Kay One,International
20986897,Toys In The Attic,Aerosmith,Pop/Rock
20987019,No Line On The Horizon,U2,Pop/Rock
20987021,How To Dismantle An Atomic Bomb,U2,Pop/Rock
20987036,The Unforgettable Fire,U2,Pop/Rock
20990338,Furious 7: Original Motion Picture Soundtrack,Prince Royce,Electronic
20990339,Te Dar um Beijo,Prince Royce,Electronic
20990340,Las Cosas Pequeñas - Single,Prince Royce,Electronic
21009038,Oh My Heart - Oh Dila Mereya,Roshan Prince,Electronic
21010577,Nuttin' To Do / Scary Movies Maxi Single,Bad Meets Evil,Electronic
21033736,Long Road Out Of Eden,Eagles,Pop/Rock
21033752,Selected Works (1972-1999),Eagles,Pop/Rock
21033763,Got a Woman,Eagles of Death Metal,Pop/Rock
21033764,Silverlake (K.S.O.F.M.),Eagles of Death Metal,Pop/Rock
21033766,A Johnny Glaze Christmas: Classical Snatches and Samples a Go-Go 2003-2005,Department of Eagles,Pop/Rock
21034081,Soul Of A Woman,Kelly Price,R&B;
21046281,Music Sounds Better,Big Time Rush,Pop/Rock
21046283,Holiday Bundle,Big Time Rush,Pop/Rock
21062100,Waterloo (Deluxe Edition),ABBA,Pop/Rock
21080723,Live At Montreux 1986,Otis Rush,Blues
21084407,I Feel Pretty Unpretty,Adele Kraic,Blues
21113646,King Jammy's: Selector's Choice Vol. 3,King Jammy,Reggae
21122185,J.G.U.D.Z.S. [Jung genug um drauf zu scheissen],Kay One,Rap
21128509,Prince Of Belvedair - Premium,Kay One,Rap
21150192,Live: Barefoot At The Symphony,Idina Menzel,Vocal
21150201,Gorgeous [Gabriel Diggs' Perfect 10 Remix],Idina Menzel,Electronic
21150203,Gorgeous [Craig C's Master Mix],Idina Menzel,Electronic
21150204,Gorgeous [Funky Junction & Antony Reale Remix],Idina Menzel,Pop/Rock
21150205,Gorgeous [Lior Magal Vocal Dub],Idina Menzel,Pop/Rock
21150207,Gorgeous [Scotty K Vocal Club],Idina Menzel,Pop/Rock
21150208,Gorgeous [Tracy Young Remix],Idina Menzel,Pop/Rock
21150211,Acoustic EP,Idina Menzel,Vocal
21155299,Toto IV,Totò,Pop/Rock
21155300,Toto IV (Alben für die Ewigkeit),Toto,Pop/Rock
21174055,Jennifer Rush - The Hit Box,Jennifer Rush,Pop/Rock
21174057,The Power Of Love: The Best Of Jennifer Rush,Jennifer Rush,Pop/Rock
21174059,The Power Of Jennifer Rush,Jennifer Rush,Pop/Rock
21174062,The Power Of Love - The Best Of...,Jennifer Rush,Pop/Rock
21178272,Frenzy (Deluxe Edition),D'Prince,Pop/Rock
21181615,Teri yaari,Roshan Prince,Pop/Rock
21194105,Essential,Jennifer Rush,Pop/Rock
21194106,Best Of 1983-2010,Jennifer Rush,Pop/Rock
21194108,Now Is The Hour,Jennifer Rush,Electronic
21194109,The Very Best Of (Her EMI/Virgin Years),Jennifer Rush,Electronic
21194258,Double Trouble: Live Cambridge 1973,Otis Rush,Blues
21194259,Groaning The Blues,Otis Rush,Blues
21194261,Lost In The Blues,Otis Rush,Blues
21194263,Homework,Otis Rush,R&B;
21194265,LIVE AT MONTREUX 1986,Otis Rush,Blues
21194269,An Introduction To Otis Rush,Otis Rush,Blues
21194345,Tales Of The Unexpected,Frank Marino & Mahogany Rush,Pop/Rock
21194349,Frank Marino & Mahogany Rush - Live,Frank Marino & Mahogany Rush,Pop/Rock
21194376,Celebrates 50 Years of Music,Tom Rush,Pop/Rock
21194378,The Circle Game [Expanded & Remastered],Tom Rush,Pop/Rock
21194379,The Very Best of Tom Rush: No Regrets 1962-1999,Tom Rush,Folk
21194495,Rush Of Fools,Rush of Fools,Religious
21194504,Premiere Performance Plus: Wonder Of The World,Rush of Fools,Religious
21195151,Después (feat. Cris Mone),Rush Smith,Religious
21226107,Spotify Exclusive Commentary,Haim,Religious
21226114,Let Me Go (Streaming Exclusive),Haim,Pop/Rock
21226119,Forever EP,Haim,Electronic
21246427,The Dictionary Of Soul,Otis Redding,R&B;
21248619,Life In The Streets,Prince Ital Joe,Rap
21269946,Feelings,Ice Prince,Classical
21269948,Mr DJ,Ice Prince,Classical
21269949,N Word (Remix) [feat. Aka],Ice Prince,Classical
21269950,In the Morning (feat. Terry G),Ice Prince,Classical
21269953,"Gimme Dat (feat. Burna Boy, Yung L & Olamide)",Ice Prince,Classical
21269955,Aboki,Ice Prince,Classical
21269956,More,Ice Prince,Stage & Screen
21269957,Oleku (feat. Brymo),Ice Prince,Stage & Screen
21269996,The Very Best Of D.J. Jazzy Jeff & The Fresh Prince,DJ Jazzy Jeff & The Fresh Prince,Rap
21269997,Collections,DJ Jazzy Jeff & The Fresh Prince,Rap
21269999,"He's The DJ, I'm The Rapper",DJ Jazzy Jeff & The Fresh Prince,Rap
21270026,Intentional Injury,"Bonnie ""Prince"" Billy",Stage & Screen
21270042,Stick To My Side,Pantha du Prince,Stage & Screen
21270047,Bestie (feat. Don Jazzy & BabyFresh),D'Prince,Stage & Screen
21270048,Oga Titus,D'Prince,Stage & Screen
21270049,O.Y.O (On Your Own),D'Prince,Pop/Rock
21270067,Survival Of The Fattest,Prince Fatty,Reggae
21270069,Sugar Water (Prince Fatty vs. Mungo's Hi-Fi) [feat. Hollie Cook] - EP,Prince Fatty,Reggae
21270085,Message From The King,Prince Far I,Reggae
21270143,Prince Buster - Fabulous Greatest Hits [Diamond Range],Prince Buster,Reggae
21270179,Bahia - Single,Prince Rama,Reggae
21270181,Politics Of The Business,Prince Paul,Rap
21270538,The Very Best Of Prince Eyango,Prince Eyango,International
21270607,Ils m'ont appelé p'tit,Tito Prince,International
21270608,Discussion avec un maçon,Tito Prince,International
21270628,Dil Darda - Single,Roshan Prince,International
21270630,"Nakhre Vikhayi Jaani Ain (From ""Naughty Jatts"") - Single",Roshan Prince,International
21270762,Innovative Life Anthology 1984-1989,Arabian Prince,Rap
21270783,I Need Your Love,Microwave Prince,Pop/Rock
21271671,Me Equivoqué,Oscar Prince,Pop/Rock
21271672,Dejate Llevar - Single,Oscar Prince,Pop/Rock
21271673,Huele a Peligro (feat. Donny Caballero),Oscar Prince,Pop/Rock
21352713,VSQ Performs the Hits of 2013 Vol. 2,Vitamin String Quartet,Pop/Rock
21358244,One Family,Kelly Price,R&B;
21374737,Selectors Choice Volume 2,King Jammy,Reggae
21376508,Dirty Dancing,Original Motion Picture Soundtrack,Pop/Rock
21377192,King At The Controls,King Jammy,Reggae
21381165,Selectors Choice Volume 1,King Jammy,Reggae
21381167,King Jammy's: Selector's Choice Vol. 1,King Jammy,Reggae
21381176,King Jammy's: Selector's Choice Vol. 2,King Jammy,Reggae
21388111,Label This! - US Special Edition,Darude,Reggae
21388115,Sandstorm -- The Remixes,Darude,Reggae
21388120,Before The Storm,Darude,Electronic
21388121,I Ran (So Far Away) [Radio Edit],Darude,Pop/Rock
21388124,In The Darkness,Darude,Pop/Rock
21391266,Songs In The Key of Price,Sean Price,Rap
21446445,Best Of/20th/Eco,Kelly Price,Rap
21498070,Asozial 4 Life,Kay One,Rap
21498072,AMG,Kay One,International
21498074,Borderline,Kay One,International
21498077,Keep Calm,Kay One,Rap
21498081,Ich Brech Die Herzen - Single,Kay One,Pop/Rock
21498083,Keep Calm [Fuck U] (Remixes),Kay One,Rap
21535477,A Perfect Ten - 1977,Leo Sayer,Rap
21558491,Stealers Wheel,Stealers Wheel,Pop/Rock
21586799,...To The Music,A*Teens,Pop/Rock
21595060,The Abba Karaoke Songbook 1,Abba Karaoke,Pop/Rock
21607542,More Than I Can Say (Best Gold Edition) [+ Bonus Tracks],Leo Sayer,Pop/Rock
21607550,Live in Glasgow,Leo Sayer,Pop/Rock
21607553,Very Best Of Leo Sayer,Leo Sayer,Pop/Rock
21673852,King Jammy's: Selector's Choice Vol. 4,King Jammy,Reggae
21686051,Pond Scum,"Bonnie ""Prince"" Billy",Pop/Rock
21726997,Not My Daddy - Single,Kelly Price,Pop/Rock
21726998,Tired - Single,Kelly Price,Pop/Rock
21757670,Viva La Hova,Jay-Z feat. Coldplay,Pop/Rock
21772784,Moorish Music from Mauritania,Khalifa Ould Eide feat. Dimi Mint Abba,Pop/Rock
21911774,The Very Best Of Prince,Prince,International
21952730,When We Were Young,Adele,Pop/Rock
21952918,Get It Right,Adele Kraic,Pop/Rock
21960199,Formation,Beyoncé,R&B;
21978846,Darte Un Beso,Prince Royce,Latin
22002645,Prince Of Belvedair - Standard,Kay One,Latin
22019062,Keep Calm [Fuck U] (feat. Emory) [Remixes],Kay One,Latin
22026024,Brett Young,Brett Young,Country
22030054,Golden Songs,ABBA Stars,International
22037320,I Heard It Through The Grapevine,Marvin Gaye,R&B;
22156246,Rock A Shacka Vol.5 Dance Cleopatra Prince Buster Selection By Tommy (Drum & Bas,Prince Buster,Reggae
22164314,Finale wir kommen,Kay One,Rap
22178752,Xtreme Now,Prince Rama,Pop/Rock
22440469,"MTV Unplugged, Second Night, Warner Bros. Studios, Burbank, Ca. April 28, 1994 (Remastered) [Live On Tv Broadcasting]",The Eagles,Pop/Rock
22480829,La Mejor de Todas,Oscar Prince,Latin
22513157,Transformer,Lou Reed,Pop/Rock
22535684,Unshakable,Sound Rush,Electronic
22626377,We Get High Remix EP,Eagles & Butterflies,Electronic
22675820,Don Kirshner's Rock Concert 1974 - Remastered,The Eagles,Electronic
22675822,The 'California Jam' EP (Remastered) [Live - Ontario Motor Speedway CA 6 Apr 1974] [with Jackson Browne],The Eagles,Electronic
22782208,El Niño Que Se Olvidó de Dormir (Original Score),Rush Smith,Electronic
22829275,Jatti De Nain (feat. Millind Gaba & Surbhi Mahendru) - Single,Roshan Prince,Electronic
22878603,קסם נעוריי,חיים ישראל,Electronic
22995492,HELLO,A-PRINCE,Electronic
23078040,"Ska and Rocksteady Collection, Vol. 1",Prince Buster,R&B;
23213142,"The Best 1972 - 1976 (Remastered) [Live, The Summit, Houston Tx 16 Nov '76]",The Eagles,R&B;
23332112,Hero,Maren Morris,Country
23335871,Lemonade,Beyoncé,R&B;
23354371,Moments Extended Mixes,Darude,R&B;
23444279,Fragile,Prince Fox,Electronic
23467870,Glücksmoment,Prince Damien,Electronic
23513091,"Beacon Theatre, New York, March 14th, 1974 (Remastered, Live on Broadcasting)",The Eagles,Electronic
23543443,Firework,Adele Kraic,Electronic
23555555,Zaïko,Tito Prince,Electronic
23562425,"Take It To The Summit (Houston, TX 16th Nov '76)",The Eagles,Electronic
23562426,"Ontario, Ca. April 6th, 1974, (Remastered, Live on Broadcasting)",The Eagles,Electronic
23562428,Don Kirshner's Rock Concert 1974 (Live) [Remastered],The Eagles,Electronic
23607231,Hymn for the Weekend (Seeb Remix),Coldplay,Electronic
23619452,Send My Love (To Your New Lover),Adele,Pop/Rock
23624865,Hymn For The Weekend (Seeb Remix),Coldplay feat. Seeb,Pop/Rock
23646337,Chike,Ice Prince,Classical
23646658,La Carretera,Prince Royce,Pop/Rock
23649064,Glücksmomente,Prince Damien,Pop/Rock
23833796,I Love the USA,Weezer,Pop/Rock
23835069,Death by Sexy,Eagles of Death Metal,Pop/Rock
23843619,Leader né,Tito Prince,Pop/Rock
23858376,Excellency,Ice Prince,Classical
23861955,Lifetime EP,Sound Rush,Classical
23867573,Lighters (Explicit Version),Bad Meets Evil,Electronic
23870999,Te Amo,Oscar Prince,Electronic
23877123,Lookalikes,Kay One,International
23877462,Der Junge von damals,Kay One,Rap
23888826,I See You,Idina Menzel,Rap
23888980,Oxygen,Prince Fox,Electronic
23889363,idina.,Idina Menzel,Pop/Rock
23899859,Mile High Club,Kay One,Rap
23909715,Queen of Swords,Idina Menzel,Pop/Rock
23910326,Hardwired…To Self-Destruct,Metallica,Pop/Rock
23914431,Prince Alla: The Best Of (Redemption Sounds present),Prince Alla,Pop/Rock
23924267,Believe,Kay One,Rap
23937895,I Thought You Didn't Even Like Leaving,Prince Daddy & the Hyena,Rap
23948366,Sipur Chayay,חיים ישראל,Rap
23949788,(What's The Story) Morning Glory,Oasis,Pop/Rock
23964984,Cold Water (Originally Performed By Major Lazer feat. Justin Bieber & MØ),Scott Bradlee's Postmodern Jukebox feat. Robyn Adele Anderson,Pop/Rock
23966489,Trolls (Original Motion Picture Soundtrack),Various Artists,Folk
23969450,La mort de la trap,Tito Prince,International
23987483,Kesem Neuray,חיים ישראל,International
24021786,Trillions,Ice Prince,Classical
24022041,מול שמים,חיים משה,Classical
24022944,Wait Until Tomorrow,Prince Fox,Classical
24028541,Lifetime,Sound Rush,Electronic
24044063,Kane Brown,Kane Brown,Country
24058990,Jos To The World,Ice Prince,Pop/Rock
24059408,Jos to the World,Ice Prince,Pop/Rock
24069075,Ska / Rocksteady Collection Vol.2,Prince Buster,Pop/Rock
24073345,Water Under the Bridge,Adele,Pop/Rock
24080464,My Angel (From Furious 7: Original Motion Picture Soundtrack),Prince Royce,Electronic
24105866,Stoney (Deluxe),Post Malone,Electronic
24135402,Toti Nation II,Tito Prince,Electronic
24152088,E Ipo: The Very Best of Prince Tui Teka,Prince Tui Teka,International
24173729,Sin Ver Atrás,Oscar Prince,International
24383291,"Ska / Rocksteady Collection, Vol. 2",Prince Buster,International
24427913,Ska Lip Soul,Prince Buster,International
24479071,Asafti Regahim,חיים ישראל,International
24495702,24K Magic,Bruno Mars,R&B;
24504886,P.Y.T. (Pretty Young Thing),Eden Prince,R&B;
24784815,Magical (Euphoria 2015 Soundtrack),Sound Rush,R&B;
24812958,Halev Tzame,חיים ישראל,International
24812959,Kochavim,חיים ישראל,International
24812961,Mitoch Haastara,חיים ישראל,International
24938682,המתוקים של חיים ישראל,חיים ישראל,International
25000389,Small World,Idina Menzel,Vocal
25074653,Pain in My Belly,Prince Buster,Reggae
25091110,המיטב בהופעה חיה חלק א,חיים ישראל,Reggae
25091114,המיטב בהופעה חיה ב,חיים ישראל,Reggae
25154261,Fly Flying Ska,Prince Buster,Reggae
25169578,Sweet Mother,Prince Nico Mbarga,International
25243651,The Eminem Show,Eminem,Rap
25244875,"Legendary FM Broadcasts - The Summit, Houston TX 6th November 1976",The Eagles,Rap
25244876,Some People (Original Film Soundtrack),Valerie Mountain & The Eagles,Rap
25273748,I Can't Quit You Baby~The Cobra Sessions 1956-1958,Otis Rush,Blues
25290147,Wind Beneath My Wings,Idina Menzel,Stage & Screen
25323055,Beaches (Soundtrack from the Lifetime Original Movie),Idina Menzel,Stage & Screen
25361057,Mull Putt Da,Roshan Prince,Stage & Screen
25362788,Champetua,Oscar Prince,Comedy/Spoken
25388249,The Final Enemy,Sound Rush,Comedy/Spoken
25422950,÷ (Deluxe),Ed Sheeran,Pop/Rock
25448757,Garage Inc.,Metallica,Pop/Rock
25454870,Toxic,Eden Prince,Pop/Rock
25463408,Homebase: The Remixes,DJ Jazzy Jeff & The Fresh Prince,Rap
25526576,Body Like a Back Road,Sam Hunt,Country
25540383,Tera Mera Rishta,Roshan Prince,Country
25561046,Dilema,Prince Royce,Latin
25561306,FIVE,Prince Royce,Electronic
25591857,Around The World In A Day,Prince,R&B;
25592582,4Ever,Prince,R&B;
25594204,Diamonds And Pearls,Prince,Easy Listening
25594976,Ganas Locas,Prince Royce,Easy Listening
25599373,Purple Rain,Prince,R&B;
25600166,Lifer,MercyMe,Religious
25635203,Deja vu,Prince Royce & Shakira,Religious
25638651,Memories...Do Not Open,The Chainsmokers,Pop/Rock
25639373,Phase 2,Prince Royce,Latin
25663667,Señorita,Eden Prince,Pop/Rock
25689862,Revisited,Eartha Kitt,Vocal
25763836,Best Troubador,"Bonnie ""Prince"" Billy",Pop/Rock
25765626,J-POP HIT SONG 4 (カラオケ),カラオケうたプリンス,Stage & Screen
25770420,Back To The Roots,Sound Rush,Pop/Rock
25773255,Feels Like Summer,Weezer,Pop/Rock
25798543,Goodbye Yellow Brick Road (40th Anniversary Celebration) [Super Deluxe],Elton John,Pop/Rock
25852229,Si la Ves,Oscar Prince,Pop/Rock
25919315,Judge Dread,Prince Buster,Reggae
25933596,From A Room: Volume 1,Chris Stapleton,Country
25957734,Dance Cleopatra Dance,Prince Buster,Reggae
25961099,アニソン特集 Vol.1 (カラオケ),カラオケうたプリンス,International
25965741,Despacito Feat. Justin Bieber (Remix),Luis Fonsi feat. Daddy Yankee,International
25972464,Dua Lipa (Deluxe),Dua Lipa,International
25988905,This One's for You,Luke Combs,Country
26042225,Woodstock,Portugal. The Man,Pop/Rock
26045169,Kiss / Love Or Money [Digital 45],Prince,Pop/Rock
26047253,Want You Back,Haim,Pop/Rock
26053606,Silver & Gold 1973-1979,Prince Far I,Pop/Rock
26066583,Live Forever,Sound Rush,Pop/Rock
26094917,Right Now,Haim,Folk
26096187,Something To Tell You,Haim,Pop/Rock
26141333,I Like Me Better,Lauv,Pop/Rock
26142736,Wonder,Hillsong UNITED,Religious
26143035,Louis Louis,Kay One,Rap
26171855,Mystical Expedition,Sound Rush,Rap
26208970,"No Tears Goodbye (The Schaefer Music Festival, Central Park 1972) [Live]",Tom Rush,Rap
26297306,Sacred Hearts Club,Foster the People,Pop/Rock
26301152,Poétic justice,Tito Prince,Pop/Rock
26301255,All I Can Think About Is You,Coldplay,Pop/Rock
26302550,Kaleidoscope,Coldplay,Pop/Rock
26342746,Purple Rain Deluxe (Expanded Edition),Prince,Pop/Rock
26342833,Something Just Like This (Tokyo Remix),Coldplay feat. The Chainsmokers,Pop/Rock
26342962,Little of Your Love,Haim,Pop/Rock
26344546,Successful,Ice Prince,Classical
26383692,Movin' Around,Cyhi The Prynce,Classical
26385971,J-POP HIT SONG 9 (カラオケ),カラオケうたプリンス,Classical
26386302,Dylan Scott (Deluxe Edition),Dylan Scott,Classical
26386437,Nevermind,Dennis Lloyd,Electronic
26425767,Happy Endings,Old Dominion,Country
26499299,I Love You All the Time: Live at the Olympia Paris,Eagles of Death Metal,Pop/Rock
26512413,Kiss Somebody,Morgan Evans,Country
26515149,Songs from Season Two,Buffering the Vampire Slayer,Stage & Screen
26564870,Louis Louis Reloaded,Kay One,Stage & Screen
26565539,Life Changes,Thomas Rhett,Country
26594560,Pompeii Sessions,In The Light of Led Zeppelin,Pop/Rock
26601455,Love Is Happening,邱勝翊,Pop/Rock
26615788,So Nice,D'Prince,Pop/Rock
26684463,Acoustic The Eagles & James Taylor,The Eagles feat. James Taylor,Pop/Rock
26685741,Little of Your Love (BloodPop® Remix),HAIM feat. BloodPop®,Pop/Rock
26686969,All Your Fault: Pt. 2,Bebe Rexha,Country
26689891,Unapologetically,Kelsea Ballerini,Country
26696936,Freudian,Daniel Caesar,R&B;
26696953,EVERYBODY,Chris Janson,Country
26744123,All Woman Vol. 2,Adele Harley,Pop/Rock
26749443,Pacific Daydream,Weezer,Pop/Rock
26781456,Magic,Ice Prince,Children's
26801690,Tell Me You Love Me,Demi Lovato,Pop/Rock
26801695,GEMINI,Macklemore,Rap
26806100,reputation,Taylor Swift,Pop/Rock
26854376,Not My Daddy,Kelly Price,Pop/Rock
26863453,Obvious,Eden Prince,Pop/Rock
26892031,Master of Puppets (Deluxe Box Set),Metallica,Pop/Rock
26916197,You're the Best Thing About Me,U2,Pop/Rock
26922944,Drew Barrymore,Bryce Vine,Rap
26923096,Senorita,Kay One,International
26925435,Perception,NF,Rap
26991832,Jammin',The Revolution,Rap
27002836,Kane Brown (Deluxe Edition),Kane Brown,Rap
27022028,Everything I Could Never Say...,lovelytheband,Pop/Rock
27062610,Every Little Thing,Carly Pearce,Country
27083167,I Am Music,Prince Kaybee,Country
27121397,"Ska / Rocksteady Collection, Vol. 8",Prince Buster,Country
27133407,What Makes You Country,Luke Bryan,Country
27134675,Voicenotes,Charlie Puth,Pop/Rock
27193367,That Don't Impress Me Much (triple j Like A Version),Haim,Pop/Rock
27223321,From A Room: Volume 2,Chris Stapleton,Country
27236527,That Don't Impress Me Much (triple j Like a Version),Haim,Country
27293677,Reckless Love,Cory Asbury,Religious
27297119,The Greatest Showman (Original Motion Picture Soundtrack),Various Artists,Stage & Screen
27302647,Live On Stage FM Broadcasts - Sporthal De Vliegermolon 10th March 1973,The Eagles,Stage & Screen
27302650,"Live At The Summit, Houston, 1976",The Eagles,Pop/Rock
27302651,Smash Hits,The Eagles,Pop/Rock
27327000,Dat Side,Cyhi The Prynce,Pop/Rock
27343109,Songs of Experience,U2,Pop/Rock
27359355,Best Of,ABBA Stars,Pop/Rock
27396615,Whiskey,Ice Prince,Jazz
27396986,God Bless Your Heart,Cyhi The Prynce,Pop/Rock
27424177,August Rush Soundtrack,August Rush,Stage & Screen
27442899,No Dope On Sundays,Cyhi The Prynce,Rap
27486709,Live Broadcast 6th November 1976 the Summit,Eagles,Pop/Rock
27515385,Uprising,邱勝翊,Reggae
27549101,Attention!,邱勝翊,Electronic
27569132,Coming Home by Pantha du Prince,Pantha du Prince,Electronic
27588822,My Best,Otis Rush,Electronic
27598447,Nishba,חיים משה,International
27598451,Hatmunot Sheba'albom,חיים משה,International
27598455,Ten Lazman Lalechet,חיים משה,International
27603281,ATTENTION!,邱勝翊,Electronic
27609354,Replay,Ice Prince,Classical
27610852,A Farewell to Kings,Rush,Pop/Rock
27610857,Fly By Night,Rush,Pop/Rock
27610898,Caress of Steel,Rush,Pop/Rock
27610934,Back Stabbers (Expanded),The O'Jays,Pop/Rock
27611527,Hallelujah Nights,LANCO,Country
27619249,Renaissance Gangster (DJ Burn One Presents Starlito),Starlito,Country
27638621,Coming Home,Pantha du Prince,Country
27678541,Camila,Camila Cabello,Pop/Rock
27678810,Walking Away (Mura Masa Remix),Haim,Electronic
27731552,Perfect Symphony,Andrea Bocelli,Electronic
27876350,Sings His Hit Song Ten Commandments,Prince Buster,Reggae
27922049,The Champion, feat. Ludacris,Reggae
27922737,Where the Lights Are Born,Rush Smith,Country
27924866,Seasons Change,Scotty McCreery,Country
27938230,Amawet,Abba Karib & Navid Zardi,Country
27952172,"Love, Simon (Original Motion Picture Soundtrack)",Various Artists,Stage & Screen
27968999,Zombie,Bad Wolves,Pop/Rock
28006140,The Middle,Grey,Electronic
28113899,Open Invite,Prince Fox,Electronic
28190961,Best of Prince Nico Mbarga 1,Prince Nico Mbarga,International
28199269,Dream It Possible,The Brick Slayer,International
28206633,Urge for Going,Tom Rush,International
28220887,Evolve,Imagine Dragons,Pop/Rock
28228815,Mitchell Tenpenny,Mitchell Tenpenny,Country
28230823,Saturdays, feat. HAIM,Pop/Rock
28231334,King At The Controls: Essential Hits From Reggae's Digital Revolution 1985-1989,King Jammy,Reggae
28250321,No Zip Code,David Lee Murphy,Country
28254054,Speak Your Mind,Anne Marie,Country
28254601,King At the Controls: Essential Hits From Reggae's Digital Revolution 1985-1989,King Jammy,Reggae
28279403,There Is More (Live),Hillsong Worship,Religious
28375528,Me Duele en el Alma,Oscar Prince,Pop/Rock
28395348,תחת אש,עידן חיים,Pop/Rock
28396435,?,XXXTENTACION,Rap
28397496,Freaky Friday (feat. Chris Brown),Lil Dicky feat. Chris Brown,Rap
28403658,Burn the House Down,AJR,Pop/Rock
28403942,El Clavo,Prince Royce,Pop/Rock
28404907,Rearview Town,Jason Aldean,Country
28404911,Remind Me to Forget,Kygo & Miguel,Pop/Rock
28405306,If I Tell You,Ice Prince,New Age
28407240,Nowhere Fast (Extended Version),Eminem,New Age
28459246,Pray For The Wicked,Panic! At the Disco,Pop/Rock
28567153,"Prince Buster Record Shack Presents: The Original Golden Oldies, Vol. 1",Prince Buster,Pop/Rock
28578797,Invasion of Privacy,Cardi B,Rap
28579259,One Kiss,Calvin Harris feat. Dua Lipa,Rap
28581255,Graffiti U,Keith Urban,Country
28582508,Nice For What,Drake,Rap
28583419,I Was Jack (You Were Diane),Jake Owen,Country
28605377,Te Boté (Remix),Nio Garcia feat. Casper Magico & Bad Bunny,Country
28629621,Cry Pretty,Carrie Underwood,Country
28637635,COSMIC,Bazzi,Pop/Rock
28637756,Youngblood (Deluxe),5 Seconds of Summer,Pop/Rock
28645158,Bigger,Sugarland,Country
28645232,Expectations,Bebe Rexha,Pop/Rock
28650493,The Mountain,Dierks Bentley,Country
28651316,If I Know Me,Morgan Wallen,Pop/Rock
28689059,beerbongs & bentleys,Post Malone,Rap
28697049,Nothing Compares 2 U,Prince,Pop/Rock
28702436,No Tears Left to Cry,Ariana Grande,Pop/Rock
28705459,lovely,Khalid,Electronic
28720092,Prince Buster on Tour (Live),Prince Buster,Electronic
28747774,Shawn Mendes,Shawn Mendes,Pop/Rock
28748311,Have It All,Jason Mraz,Pop/Rock
28792478,Patience,Will Oldham,Pop/Rock
28802181,Time Alone (feat. The Griswolds),Prince Fox,Pop/Rock
28802670,This One's for You Too (Deluxe Edition),Luke Combs,Pop/Rock
28821703,This Is America,Childish Gambino,Rap
28823900,90 Minutos (Futbol Mode),Prince Royce,Rap
28833982,New Light,John Mayer,Pop/Rock
28844763,Mamma Mia! Here We Go Again (Original Motion Picture Soundtrack),"Cast Of ""Mamma Mia! Here We Go Again""",Stage & Screen
28849591,13 Reasons Why: Season 2 (Music from the Original TV Series),"YUNGBLUD, Billie Eilish, Colouring, Echo & The Bunnymen, Gus Dapperton, HAERTS, Human Touch, Khalid, Leon Else, Lord Huron, New Order, OneRepublic, Orchestral Manoeuvres In the Dark, Parade of Lights, Selena Gomez, Siouxsie & The Banshees, Tears for Fears, Telekinesis, The Alarm & Years & Years",Stage & Screen
28888369,Taste (feat. Offset),Tyga,Stage & Screen
28889018,Don't Go Breaking My Heart,Backstreet Boys,Pop/Rock
28889353,Harder Than Ever,Lil Baby,Rap
28889586,Solo (feat. Demi Lovato),Clean Bandit feat. Demi Lovato,Rap
28897564,Jackie Chan,Tiësto feat. Dzeko,Rap
28897596,Dinero,Jennifer Lopez feat. DJ Khaled & Cardi B,Rap
28897709,Dan + Shay,Dan + Shay,Country
28938667,Goodbye & Good Riddance,Juice Wrld,Rap
28948893,Netflix & Chill,Kay One,Rap
28955731,"Big Bank feat. 2 Chainz, Big Sean, Nicki Minaj",YG,Rap
29000801,ANDERS,Kay One,International
29005911,Girls Like You (feat. Cardi B),Maroon 5,International
29013581,Florida Georgia Line,Florida Georgia Line,Pop/Rock
29073845,Mary Don't You Weep,Prince,Pop/Rock
29074051,Lose It,Kane Brown,Country
29083373,Piano & a Microphone 1983,Prince,Country
29101328,Queen,Nicki Minaj,Rap
29116179,The Breakup Song,Francesca Battistelli,Rap
29144390,EVERYTHING IS LOVE,The Carters,R&B;
29155788,Born to Be Yours,Imagine Dragons,Electronic
29158751,Laps Around the Sun,Chris Lane,Country
29159154,Lifers,Cody Jinks,Country
29168180,Songs for the Saints,Kenny Chesney,Country
29172501,NOVA,RL Grime,Country
29176838,Sweetener,Ariana Grande,Pop/Rock
29180751,Sober,Demi Lovato,Pop/Rock
29181870,TREAT MYSELF,Meghan Trainor,Pop/Rock
29195501,Remastered התמונות שבאלבום-גרסת המשולש,חיים משה,Pop/Rock
29208681,Connection,OneRepublic,Pop/Rock
29211432,Red Pill Blues (Deluxe),Maroon 5,Pop/Rock
29219288,Scorpion,Drake,Rap
29269733,Burn The Ships,for KING & COUNTRY,Religious
29275563,King Jammy's Selectors Choice Vol.1,King Jammy,Reggae
29294641,King Jammy's Selectors Choice Vol.2,King Jammy,Reggae
29309418,Smile Bitch,Lil Duval feat. Snoop Dogg & Ball Greezy,Reggae
29329337,Remember the Days,Adele Harley,Reggae
29335649,Jumpsuit / Nico And The Niners,twenty one pilots,Reggae
29336416,Summertime Magic,Childish Gambino,Reggae
29372635,Eastside,benny blanco feat. Halsey & Khalid,Reggae
29375033,Desperate Man,Eric Church,Country
29375166,All of It,Cole Swindell,Country
29375517,Look Up Child,Lauren Daigle,Religious
29393067,Natural,Imagine Dragons,Pop/Rock
29393260,When The Curtain Falls,Greta Van Fleet,Pop/Rock
29404566,Level Up,Ciara,R&B;
29407995,you should see me in a crown,Billie Eilish,Folk
29409916,Happy Now,Zedd feat. Elley Duhé,Folk
29413777,The Marshall Mathers LP2,Eminem,Folk
29423694,FEFE (feat. Nicki Minaj & Murda Beatz),6ix9ine feat. Nicki Minaj & Murda Beatz,Folk
29432133,Attention,Fat Joe feat. Chris Brown & Dre,Folk
29466174,Queen Naija,Queen Naija,R&B;
29480886,SWISH,Tyga,Pop/Rock
29497743,I Don't Want: The Gold Fire Sessions,Santigold,Pop/Rock
29497849,Throw A Fit,Tinashe,Electronic
29497932,Don't Leave Me Alone (feat. Anne-Marie),David Guetta feat. Anne-Marie,Electronic
29498026,One Day (feat. Ryan Tedder),Logic,Electronic
29498034,I Don't Dance (Without You) [feat. Konshens],Matoma feat. Enrique Iglesias & Konshens,Electronic
29498055,Wicked Heart,Sublime With Rome,Electronic
29499661,Candlelight,Zhavia Ward,Electronic
29500842,Hot Summer,DJ Durel feat. Migos,Electronic
29504166,Side Effects,The Chainsmokers feat. Emily Warren,Electronic
29504174,Level Up [Remix],Ciara feat. Missy Elliott & Fatman Scoop,Electronic
29504205,No Brainer,DJ Khaled feat. Justin Bieber & Quavo,Electronic
29527984,Test For Echo,Rush,Pop/Rock
